Network,Annotation
canonical300nt_netgain_500,GO:0050793|regulation of developmental process|-6.4;GO:0120036|plasma membrane bounded cell projection organization|-5.9;GO:0030030|cell projection organization|-5.7
canonical300nt_netgain_500_MCODE_ALL,R-DME-9012999|RHO GTPase cycle|-7.0;R-DME-3769402|Deactivation of the beta-catenin transactivating complex|-6.7;R-DME-9013424|RHOV GTPase cycle|-6.3
canonical300nt_netgain_500_SUB1_MCODE_1,R-DME-9013424|RHOV GTPase cycle|-9.4;R-DME-9013420|RHOU GTPase cycle|-6.7;R-DME-9012999|RHO GTPase cycle|-6.2
canonical300nt_netgain_500_SUB1_MCODE_2,R-DME-3769402|Deactivation of the beta-catenin transactivating complex|-10.6;R-DME-201681|TCF dependent signaling in response to WNT|-7.4;R-DME-195721|Signaling by WNT|-6.8
canonical300nt_netgain_500_SUB1_MCODE_3,dme03083|Polycomb repressive complex - Drosophila melanogaster (fruit fly)|-9.2;R-DME-4570464|SUMOylation of RNA binding proteins|-8.5;R-DME-3899300|SUMOylation of transcription cofactors|-7.9
canonical300nt_netgain_500_SUB1_MCODE_4,"R-DME-9012999|RHO GTPase cycle|-5.2;R-DME-194315|Signaling by Rho GTPases|-4.6;R-DME-9716542|Signaling by Rho GTPases, Miro GTPases and RHOBTB3|-4.6"
canonical300nt_netgain_500_SUB2_MCODE_6,dme00564|Glycerophospholipid metabolism - Drosophila melanogaster (fruit fly)|-6.7
