Cluster,Score,Type,Gene,Symbol,Network
1,2.0,Seed,36990,POSH,canonical300nt_netgain_500_SUB1
1,2.0,Clustered,43803,Eph,canonical300nt_netgain_500_SUB1
1,2.0,Clustered,34573,Dlg5,canonical300nt_netgain_500_SUB1
1,2.0,Clustered,35922,Vang,canonical300nt_netgain_500_SUB1
1,2.0,Clustered,33611,capu,canonical300nt_netgain_500_SUB1
2,1.5,Clustered,43844,Sox102F,canonical300nt_netgain_500_SUB1
2,1.5,Seed,39567,Sox21a,canonical300nt_netgain_500_SUB1
2,1.5,Clustered,37822,Sox14,canonical300nt_netgain_500_SUB1
2,1.5,Clustered,43769,pan,canonical300nt_netgain_500_SUB1
3,1.5,Seed,41168,Scm,canonical300nt_netgain_500_SUB1
3,1.5,Clustered,43819,pho,canonical300nt_netgain_500_SUB1
3,1.5,Clustered,31181,ph-p,canonical300nt_netgain_500_SUB1
3,1.5,Clustered,36431,Psc,canonical300nt_netgain_500_SUB1
4,1.0,Seed,38050,RhoGEF3,canonical300nt_netgain_500_SUB1
4,1.0,Clustered,34030,Ziz,canonical300nt_netgain_500_SUB1
4,1.0,Clustered,40249,RhoBTB,canonical300nt_netgain_500_SUB1
5,1.0,Clustered,35846,Cirl,canonical300nt_netgain_500_SUB1
5,1.0,Clustered,36788,lbk,canonical300nt_netgain_500_SUB1
5,1.0,Clustered,37272,Toll-7,canonical300nt_netgain_500_SUB1
6,1.0,Clustered,39820,Agpat3,canonical300nt_netgain_500_SUB2
6,1.0,Seed,34776,Gpo3,canonical300nt_netgain_500_SUB2
6,1.0,Clustered,39819,Agpat4,canonical300nt_netgain_500_SUB2
