Network,Annotation
canonical300nt_gainloss_500,GO:0007166|cell surface receptor signaling pathway|-7.0;GO:0120036|plasma membrane bounded cell projection organization|-6.8;GO:0050808|synapse organization|-6.6
canonical300nt_gainloss_500_MCODE_ALL,R-DME-9012999|RHO GTPase cycle|-7.4;dme03083|Polycomb repressive complex - Drosophila melanogaster (fruit fly)|-7.3;GO:0000902|cell morphogenesis|-7.0
canonical300nt_gainloss_500_SUB1_MCODE_1,R-DME-2022928|HS-GAG biosynthesis|-6.1;R-DME-1971475|A tetrasaccharide linker sequence is required for GAG synthesis|-6.1;R-DME-3000178|ECM proteoglycans|-6.0
canonical300nt_gainloss_500_SUB1_MCODE_2,dme03083|Polycomb repressive complex - Drosophila melanogaster (fruit fly)|-13.8;GO:0045892|negative regulation of DNA-templated transcription|-9.3;GO:1902679|negative regulation of RNA biosynthetic process|-9.3
canonical300nt_gainloss_500_SUB1_MCODE_3,R-DME-9013424|RHOV GTPase cycle|-9.4;R-DME-9013420|RHOU GTPase cycle|-6.7;R-DME-9012999|RHO GTPase cycle|-6.2
canonical300nt_gainloss_500_SUB1_MCODE_5,R-DME-3769402|Deactivation of the beta-catenin transactivating complex|-10.6;R-DME-201681|TCF dependent signaling in response to WNT|-7.4;R-DME-195721|Signaling by WNT|-6.8
canonical300nt_gainloss_500_SUB1_MCODE_7,R-DME-8951664|Neddylation|-5.6;R-DME-597592|Post-translational protein modification|-3.4
canonical300nt_gainloss_500_SUB1_MCODE_8,GO:0071526|semaphorin-plexin signaling pathway|-9.9;R-DME-416700|Other semaphorin interactions|-9.4;R-DME-373755|Semaphorin interactions|-7.9
canonical300nt_gainloss_500_SUB3_MCODE_9,R-DME-9603798|Class I peroxisomal membrane protein import|-8.4;R-DME-9609507|Protein localization|-6.2
