Cluster,Score,Type,Gene,Symbol,Network
2,2.3333333333333335,Clustered,31181,ph-p,canonical300nt_gainloss_500_SUB1
2,2.3333333333333335,Clustered,36431,Psc,canonical300nt_gainloss_500_SUB1
2,2.3333333333333335,Seed,41168,Scm,canonical300nt_gainloss_500_SUB1
2,2.3333333333333335,Clustered,35555,jing,canonical300nt_gainloss_500_SUB1
2,2.3333333333333335,Clustered,34709,Sfmbt,canonical300nt_gainloss_500_SUB1
2,2.3333333333333335,Clustered,43819,pho,canonical300nt_gainloss_500_SUB1
3,2.0,Seed,33611,capu,canonical300nt_gainloss_500_SUB1
3,2.0,Clustered,43803,Eph,canonical300nt_gainloss_500_SUB1
3,2.0,Clustered,36990,POSH,canonical300nt_gainloss_500_SUB1
3,2.0,Clustered,35922,Vang,canonical300nt_gainloss_500_SUB1
3,2.0,Clustered,34573,Dlg5,canonical300nt_gainloss_500_SUB1
1,1.5,Clustered,3346227,dpr2,canonical300nt_gainloss_500_SUB1
1,1.5,Clustered,35237,cyst,canonical300nt_gainloss_500_SUB1
1,1.5,Clustered,3346207,CG33543,canonical300nt_gainloss_500_SUB1
1,1.5,Clustered,38879,pbl,canonical300nt_gainloss_500_SUB1
1,1.5,Clustered,5740816,DIP-delta,canonical300nt_gainloss_500_SUB1
1,1.5,Seed,42817,mbc,canonical300nt_gainloss_500_SUB1
1,1.5,Clustered,326116,tau,canonical300nt_gainloss_500_SUB1
1,1.5,Clustered,33793,DIP-eta,canonical300nt_gainloss_500_SUB1
5,1.5,Clustered,37822,Sox14,canonical300nt_gainloss_500_SUB1
5,1.5,Seed,39567,Sox21a,canonical300nt_gainloss_500_SUB1
5,1.5,Clustered,43769,pan,canonical300nt_gainloss_500_SUB1
5,1.5,Clustered,43844,Sox102F,canonical300nt_gainloss_500_SUB1
4,1.2,Seed,34582,kek2,canonical300nt_gainloss_500_SUB1
4,1.2,Clustered,35846,Cirl,canonical300nt_gainloss_500_SUB1
4,1.2,Clustered,36788,lbk,canonical300nt_gainloss_500_SUB1
4,1.2,Clustered,37272,Toll-7,canonical300nt_gainloss_500_SUB1
4,1.2,Clustered,34688,kek1,canonical300nt_gainloss_500_SUB1
6,1.0,Clustered,35571,CG17266,canonical300nt_gainloss_500_SUB1
6,1.0,Seed,34438,RluA-1,canonical300nt_gainloss_500_SUB1
6,1.0,Clustered,246488,CG30156,canonical300nt_gainloss_500_SUB1
7,1.0,Clustered,42184,CG7168,canonical300nt_gainloss_500_SUB1
7,1.0,Clustered,41935,Fbxl7,canonical300nt_gainloss_500_SUB1
7,1.0,Seed,39244,APP-BP1,canonical300nt_gainloss_500_SUB1
8,1.0,Seed,43766,PlexB,canonical300nt_gainloss_500_SUB1
8,1.0,Clustered,43832,PlexA,canonical300nt_gainloss_500_SUB1
8,1.0,Clustered,34192,Sema1a,canonical300nt_gainloss_500_SUB1
9,1.0,Clustered,45398,Aldh-III,canonical300nt_gainloss_500_SUB3
9,1.0,Seed,38205,CG7970,canonical300nt_gainloss_500_SUB3
9,1.0,Clustered,43772,Abcd1,canonical300nt_gainloss_500_SUB3
