_MEMBER_canonical300nt_netgain_500,_LogP_canonical300nt_netgain_500,GO,_PATTERN_,_RANK_,GiniIndex,Category,CategoryID,Description,PARENT_GO,LogP,Enrichment,Z-score,#TotalGeneInLibrary,#GeneInGO,#GeneInHitList,#GeneInGOAndHitList,%InGO,STDV %InGO,GeneID,Hits,Log(q-value),EvidenceCutoff,GROUP_ID,FirstInGroupByEnrichment,FirstInGroupByLogP,BestLogPInGroup,BestEnrichmentInGroup,URL
1,-5.29454412715984,GO:0050808,M1,1,0,GO Biological Processes,19,synapse organization,19_GO:0009987 cellular process,-5.29454412715984,2.9457795813169185,5.4814366254677465,9767,181,403,22,5.459057071960298,1.1316607650042043,31702|32229|33162|33793|33962|34215|34408|34495|36526|37950|38337|38748|39524|39958|41911|42446|42447|43766|43832|43838|3346227|7354433,dpr14|pira|galectin|DIP-eta|Nlg2|C1GalTA|dpr19|Nos|stj|SiaT|Fife|velo|Liprin-beta|Nedd4|nsl1|Pi3K92E|Lrrk|PlexB|PlexA|mGluR|dpr2|DIP-epsilon,-1.3435954127604397,0,1,1,1,-5.29454412715984,2.9457795813169185,
1,-4.1368235882937014,GO:0034330,M1,1,0,GO Biological Processes,19,cell junction organization,19_GO:0009987 cellular process,-4.1368235882937014,2.374112523421279,4.5187824342181955,9767,245,403,24,5.955334987593052,1.1788747252058505,31702|32229|33162|33793|33962|34215|34408|34495|36526|37403|37950|38337|38748|39524|39958|41911|42446|42447|42672|43766|43832|43838|3346227|7354433,dpr14|pira|galectin|DIP-eta|Nlg2|C1GalTA|dpr19|Nos|stj|Magi|SiaT|Fife|velo|Liprin-beta|Nedd4|nsl1|Pi3K92E|Lrrk|loco|PlexB|PlexA|mGluR|dpr2|DIP-epsilon,-0.76997206175082,0,1,0,0,-5.29454412715984,2.9457795813169185,
1,-2.4475688368155497,GO:0007528,M1,1,0,GO Biological Processes,19,neuromuscular junction development,19_GO:0009987 cellular process,-2.4475688368155497,2.9082878411910675,3.4415017335985425,9767,75,403,9,2.2332506203473947,0.7360575917790178,33962|34215|36526|37950|39524|39958|41911|42447|43838,Nlg2|C1GalTA|stj|SiaT|Liprin-beta|Nedd4|nsl1|Lrrk|mGluR,-0.20280684192148238,0,1,0,0,-5.29454412715984,2.9457795813169185,
1,-3.976920583377083,GO:0002252,M1,1,0,GO Biological Processes,19,immune effector process,19_GO:0002376 immune system process,-3.976920583377083,5.240158272416338,5.360517155471096,9767,37,403,8,1.9851116625310175,0.6948418566892809,31957|38050|39617|40249|41136|43799|43803|43991,alpha-Man-Ia|RhoGEF3|DCX-EMAP|RhoBTB|RhoL|Ephrin|Eph|Pten,-0.76997206175082,0,2,1,1,-3.976920583377083,6.05893300248139,
1,-3.976920583377083,GO:0035010,M1,1,0,GO Biological Processes,19,encapsulation of foreign target,19_GO:0002376 immune system process,-3.976920583377083,5.240158272416338,5.360517155471096,9767,37,403,8,1.9851116625310175,0.6948418566892809,31957|38050|39617|40249|41136|43799|43803|43991,alpha-Man-Ia|RhoGEF3|DCX-EMAP|RhoBTB|RhoL|Ephrin|Eph|Pten,-0.76997206175082,0,2,0,0,-3.976920583377083,6.05893300248139,
1,-3.967575097354686,GO:0035011,M1,1,0,GO Biological Processes,19,melanotic encapsulation of foreign target,19_GO:0002376 immune system process,-3.967575097354686,6.05893300248139,5.561103028872126,9767,28,403,7,1.7369727047146402,0.6507872619252925,38050|39617|40249|41136|43799|43803|43991,RhoGEF3|DCX-EMAP|RhoBTB|RhoL|Ephrin|Eph|Pten,-0.76997206175082,0,2,0,0,-3.976920583377083,6.05893300248139,
1,-3.1260720013385805,GO:0045087,M1,1,0,GO Biological Processes,19,innate immune response,19_GO:0002376 immune system process,-3.1260720013385805,2.469883516935089,3.8516891723414353,9767,157,403,16,3.970223325062035,0.9726529417271421,36990|37272|38050|38696|39617|40249|40725|41087|41136|41645|43360|43799|43803|43991|3771920|7354475,POSH|Toll-7|RhoGEF3|CG10469|DCX-EMAP|RhoBTB|dgrn|Rel|RhoL|CG8870|CG4815|Ephrin|Eph|Pten|PGRP-LD|CG42259,-0.30965062994264375,0,2,0,0,-3.976920583377083,6.05893300248139,
1,-2.8901102740396905,GO:0035006,M1,1,0,GO Biological Processes,19,melanization defense response,19_GO:0002376 immune system process,-2.8901102740396905,4.137807904133632,4.176681214137395,9767,41,403,7,1.7369727047146402,0.6507872619252925,38050|39617|40249|41136|43799|43803|43991,RhoGEF3|DCX-EMAP|RhoBTB|RhoL|Ephrin|Eph|Pten,-0.26887725795322154,0,2,0,0,-3.976920583377083,6.05893300248139,
1,-2.7402556807617118,GO:0140546,M1,1,0,GO Biological Processes,19,defense response to symbiont,19_GO:0044419 biological process involved in interspecies interaction between organisms,-2.7402556807617118,2.1489811634416753,3.4317949010418975,9767,203,403,18,4.4665012406947895,1.0289850099542501,34066|36990|37272|38050|38696|39063|39617|40249|40725|41087|41136|41645|43360|43799|43803|43991|3771920|7354475,r2d2|POSH|Toll-7|RhoGEF3|CG10469|PGRP-LC|DCX-EMAP|RhoBTB|dgrn|Rel|RhoL|CG8870|CG4815|Ephrin|Eph|Pten|PGRP-LD|CG42259,-0.24128152125382776,0,2,0,0,-3.976920583377083,6.05893300248139,
1,-2.7067956039681214,GO:0006955,M1,1,0,GO Biological Processes,19,immune response,19_GO:0002376 immune system process,-2.7067956039681214,2.08361496917912,3.3801859960275746,9767,221,403,19,4.714640198511166,1.0558077448891856,36990|37272|38050|38696|39063|39617|40245|40249|40725|41087|41136|41645|43360|43767|43799|43803|43991|3771920|7354475,POSH|Toll-7|RhoGEF3|CG10469|PGRP-LC|DCX-EMAP|Toll-9|RhoBTB|dgrn|Rel|RhoL|CG8870|CG4815|ci|Ephrin|Eph|Pten|PGRP-LD|CG42259,-0.24128152125382776,0,2,0,0,-3.976920583377083,6.05893300248139,
1,-2.6465909674519783,GO:0006582,M1,1,0,GO Biological Processes,19,melanin metabolic process,19_GO:0009987 cellular process,-2.6465909674519783,3.7700027570995314,3.8635704021545823,9767,45,403,7,1.7369727047146402,0.6507872619252925,38050|39617|40249|41136|43799|43803|43991,RhoGEF3|DCX-EMAP|RhoBTB|RhoL|Ephrin|Eph|Pten,-0.227121170094833,0,2,0,0,-3.976920583377083,6.05893300248139,
1,-2.1233931443952025,GO:0043207,M1,1,0,GO Biological Processes,19,response to external biotic stimulus,19_GO:0050896 response to stimulus,-2.1233931443952025,1.6626095837943655,2.7294236992460394,9767,379,403,26,6.451612903225806,1.2237699362004961,30971|33229|34066|34495|36024|36990|37272|38050|38218|38696|39063|39617|40249|40510|40725|41087|41136|41419|41645|42672|43360|43799|43803|43991|3771920|7354475,G9a|Ets21C|r2d2|Nos|CG12744|POSH|Toll-7|RhoGEF3|drpr|CG10469|PGRP-LC|DCX-EMAP|RhoBTB|slif|dgrn|Rel|RhoL|CG14722|CG8870|loco|CG4815|Ephrin|Eph|Pten|PGRP-LD|CG42259,-0.095232545623123,0,2,0,0,-3.976920583377083,6.05893300248139,
1,-2.1233931443952025,GO:0051707,M1,1,0,GO Biological Processes,19,response to other organism,19_GO:0044419 biological process involved in interspecies interaction between organisms,-2.1233931443952025,1.6626095837943655,2.7294236992460394,9767,379,403,26,6.451612903225806,1.2237699362004961,30971|33229|34066|34495|36024|36990|37272|38050|38218|38696|39063|39617|40249|40510|40725|41087|41136|41419|41645|42672|43360|43799|43803|43991|3771920|7354475,G9a|Ets21C|r2d2|Nos|CG12744|POSH|Toll-7|RhoGEF3|drpr|CG10469|PGRP-LC|DCX-EMAP|RhoBTB|slif|dgrn|Rel|RhoL|CG14722|CG8870|loco|CG4815|Ephrin|Eph|Pten|PGRP-LD|CG42259,-0.095232545623123,0,2,0,0,-3.976920583377083,6.05893300248139,
1,-2.109093103838123,GO:0009607,M1,1,0,GO Biological Processes,19,response to biotic stimulus,19_GO:0050896 response to stimulus,-2.109093103838123,1.6582342954159592,2.715120295653712,9767,380,403,26,6.451612903225806,1.2237699362004961,30971|33229|34066|34495|36024|36990|37272|38050|38218|38696|39063|39617|40249|40510|40725|41087|41136|41419|41645|42672|43360|43799|43803|43991|3771920|7354475,G9a|Ets21C|r2d2|Nos|CG12744|POSH|Toll-7|RhoGEF3|drpr|CG10469|PGRP-LC|DCX-EMAP|RhoBTB|slif|dgrn|Rel|RhoL|CG14722|CG8870|loco|CG4815|Ephrin|Eph|Pten|PGRP-LD|CG42259,-0.09264284068229048,0,2,0,0,-3.976920583377083,6.05893300248139,
1,-2.0654093406134497,GO:0002376,M1,1,0,GO Biological Processes,19,immune system process,19_GO:0002376 immune system process,-2.0654093406134497,1.7311237149946828,2.7047292464794244,9767,308,403,22,5.459057071960298,1.1316607650042043,31957|36258|36990|37272|38050|38696|39063|39617|40245|40249|40725|41087|41136|41645|42446|43360|43767|43799|43803|43991|3771920|7354475,alpha-Man-Ia|ths|POSH|Toll-7|RhoGEF3|CG10469|PGRP-LC|DCX-EMAP|Toll-9|RhoBTB|dgrn|Rel|RhoL|CG8870|Pi3K92E|CG4815|ci|Ephrin|Eph|Pten|PGRP-LD|CG42259,-0.09260786470067803,0,2,0,0,-3.976920583377083,6.05893300248139,
1,-2.0647062581884925,GO:0018958,M1,1,0,GO Biological Processes,19,phenol-containing compound metabolic process,19_GO:0009987 cellular process,-2.0647062581884925,2.976317966131209,3.104308057321995,9767,57,403,7,1.7369727047146402,0.6507872619252925,38050|39617|40249|41136|43799|43803|43991,RhoGEF3|DCX-EMAP|RhoBTB|RhoL|Ephrin|Eph|Pten,-0.09260786470067803,0,2,0,0,-3.976920583377083,6.05893300248139,
1,-2.054818220943133,GO:0098542,M1,1,0,GO Biological Processes,19,defense response to other organism,19_GO:0044419 biological process involved in interspecies interaction between organisms,-2.054818220943133,1.6810912376826974,2.6759316797820283,9767,346,403,24,5.955334987593052,1.1788747252058505,33229|34066|36024|36990|37272|38050|38218|38696|39063|39617|40249|40510|40725|41087|41136|41419|41645|42672|43360|43799|43803|43991|3771920|7354475,Ets21C|r2d2|CG12744|POSH|Toll-7|RhoGEF3|drpr|CG10469|PGRP-LC|DCX-EMAP|RhoBTB|slif|dgrn|Rel|RhoL|CG14722|CG8870|loco|CG4815|Ephrin|Eph|Pten|PGRP-LD|CG42259,-0.09260786470067803,0,2,0,0,-3.976920583377083,6.05893300248139,
1,-3.9427695257665767,R-DME-201451,M1,1,0,Reactome Gene Sets,6,Signaling by BMP,,-3.9427695257665767,9.321435388432906,6.228145165184679,9767,13,403,5,1.2406947890818858,0.5514028023982461,33529|41772|43804|43826|5740414,Mad|put|mav|Actbeta|Snoo,-0.76997206175082,0,3,1,1,-3.9427695257665767,9.321435388432906,
1,-3.456709737987741,GO:0141091,M1,1,0,GO Biological Processes,19,transforming growth factor beta receptor superfamily signaling pathway,19_GO:0050896 response to stimulus,-3.456709737987741,7.573666253101736,5.4591275899427245,9767,16,403,5,1.2406947890818858,0.5514028023982461,33529|41772|43804|43811|43826,Mad|put|mav|myo|Actbeta,-0.3508590636025976,0,3,0,0,-3.9427695257665767,9.321435388432906,
1,-3.1938000647747473,GO:0007178,M1,1,0,GO Biological Processes,19,cell surface receptor protein serine/threonine kinase signaling pathway,19_GO:0050896 response to stimulus,-3.1938000647747473,6.732147780534877,5.049562783003797,9767,18,403,5,1.2406947890818858,0.5514028023982461,33529|41772|43804|43811|43826,Mad|put|mav|myo|Actbeta,-0.30965062994264375,0,3,0,0,-3.9427695257665767,9.321435388432906,
1,-2.4757699824842554,GO:0060390,M1,1,0,GO Biological Processes,19,regulation of SMAD protein signal transduction,19_GO:0050896 response to stimulus,-2.4757699824842554,9.088399503722083,4.747720116608499,9767,8,403,3,0.7444168734491315,0.4281865820419733,41772|43811|5740414,put|myo|Snoo,-0.20280684192148238,0,3,0,0,-3.9427695257665767,9.321435388432906,
1,-2.408500977523366,GO:0001708,M1,1,0,GO Biological Processes,19,cell fate specification,19_GO:0032502 developmental process,-2.408500977523366,2.8700208959122375,3.395073176050479,9767,76,403,9,2.2332506203473947,0.7360575917790178,33529|33769|36258|36674|39038|40879|41772|43811|43826,Mad|H15|ths|pcs|Doc2|rn|put|myo|Actbeta,-0.18994602294693408,0,3,0,0,-3.9427695257665767,9.321435388432906,
1,-2.3130897712958403,GO:0032924,M1,1,0,GO Biological Processes,19,activin receptor signaling pathway,19_GO:0050896 response to stimulus,-2.3130897712958403,8.078577336641851,4.407243131910971,9767,9,403,3,0.7444168734491315,0.4281865820419733,41772|43811|43826,put|myo|Actbeta,-0.15275641136870594,0,3,0,0,-3.9427695257665767,9.321435388432906,
1,-2.3130897712958403,GO:0044719,M1,1,0,GO Biological Processes,19,regulation of imaginal disc-derived wing size,19_GO:0032502 developmental process,-2.3130897712958403,8.078577336641851,4.407243131910971,9767,9,403,3,0.7444168734491315,0.4281865820419733,43804|43811|43826,mav|myo|Actbeta,-0.15275641136870594,0,3,0,0,-3.9427695257665767,9.321435388432906,
1,-2.3130897712958403,R-DME-1502540,M1,1,0,Reactome Gene Sets,6,Signaling by Activin,,-2.3130897712958403,8.078577336641851,4.407243131910971,9767,9,403,3,0.7444168734491315,0.4281865820419733,41772|43804|43826,put|mav|Actbeta,-0.15275641136870594,0,3,0,0,-3.9427695257665767,9.321435388432906,
1,-2.2975080046389773,R-DME-9006936,M1,1,0,Reactome Gene Sets,6,Signaling by TGFB family members,,-2.2975080046389773,2.9828593242985306,3.32734725265577,9767,65,403,8,1.9851116625310175,0.6948418566892809,33529|35237|35408|39958|41772|43804|43826|5740414,Mad|cyst|nrv3|Nedd4|put|mav|Actbeta|Snoo,-0.15020090440194964,0,3,0,0,-3.9427695257665767,9.321435388432906,
1,-2.1700942875324842,GO:0045464,M1,1,0,GO Biological Processes,19,R8 cell fate specification,19_GO:0032502 developmental process,-2.1700942875324842,5.1022593705106445,3.7129776622947346,9767,19,403,4,0.9925558312655087,0.49380885595971985,33529|41772|43811|43826,Mad|put|myo|Actbeta,-0.1112401758235643,0,3,0,0,-3.9427695257665767,9.321435388432906,
1,-2.087312655799361,GO:0045913,M1,1,0,GO Biological Processes,19,positive regulation of carbohydrate metabolic process,19_GO:0048518 positive regulation of biological process,-2.087312655799361,4.847146401985112,3.5727152923213814,9767,20,403,4,0.9925558312655087,0.49380885595971985,33397|41772|42515|43826,Uch|put|SNF4Agamma|Actbeta,-0.09260786470067803,0,3,0,0,-3.9427695257665767,9.321435388432906,
1,-2.0466199002243957,GO:0030509,M1,1,0,GO Biological Processes,19,BMP signaling pathway,19_GO:0050896 response to stimulus,-2.0466199002243957,6.609745093616061,3.8617464384717133,9767,11,403,3,0.7444168734491315,0.4281865820419733,33529|41772|43804,Mad|put|mav,-0.09260786470067803,0,3,0,0,-3.9427695257665767,9.321435388432906,
1,-2.0466199002243957,GO:0071772,M1,1,0,GO Biological Processes,19,response to BMP,19_GO:0050896 response to stimulus,-2.0466199002243957,6.609745093616061,3.8617464384717133,9767,11,403,3,0.7444168734491315,0.4281865820419733,33529|41772|43804,Mad|put|mav,-0.09260786470067803,0,3,0,0,-3.9427695257665767,9.321435388432906,
1,-2.0466199002243957,GO:0071773,M1,1,0,GO Biological Processes,19,cellular response to BMP stimulus,19_GO:0050896 response to stimulus,-2.0466199002243957,6.609745093616061,3.8617464384717133,9767,11,403,3,0.7444168734491315,0.4281865820419733,33529|41772|43804,Mad|put|mav,-0.09260786470067803,0,3,0,0,-3.9427695257665767,9.321435388432906,
1,-2.009648826657567,GO:0043704,M1,1,0,GO Biological Processes,19,photoreceptor cell fate specification,19_GO:0032502 developmental process,-2.009648826657567,4.616329906652488,3.441475382685832,9767,21,403,4,0.9925558312655087,0.49380885595971985,33529|41772|43811|43826,Mad|put|myo|Actbeta,-0.07573345155694716,0,3,0,0,-3.9427695257665767,9.321435388432906,
1,-3.370520641286638,GO:0050877,M1,1,0,GO Biological Processes,19,nervous system process,19_GO:0032501 multicellular organismal process,-3.370520641286638,1.9020447906523859,3.796563701379529,9767,395,403,31,7.6923076923076925,1.3273784043301171,30971|31228|31645|31702|32999|33039|33230|33251|33659|34408|34886|35408|35846|36003|36526|38098|39293|39617|40143|41182|41616|43305|43838|43923|117501|246434|246671|318680|318912|3346227|5740715,G9a|tko|Inx6|dpr14|amn|Obp19c|rempA|Gr21a|ine|dpr19|wwk|nrv3|Cirl|trpl|stj|Gr61a|Mob2|DCX-EMAP|wnd|FoxP|2mit|Gr98a|mGluR|axo|Gr10a|Obp50c|Obp57d|Dnaaf5|Ir31a|dpr2|Ufm1,-0.32266191387918125,0,4,1,1,-3.370520641286638,2.0983317757511304,
1,-3.1717585467956217,GO:0003008,M1,1,0,GO Biological Processes,19,system process,19_GO:0032501 multicellular organismal process,-3.1717585467956217,1.7913367137771068,3.606745964506569,9767,460,403,34,8.436724565756824,1.3845067339025237,30971|31228|31645|31702|32999|33039|33230|33251|33659|33769|34408|34886|35408|35846|36003|36526|38098|39293|39617|40143|40998|41182|41616|42672|43305|43838|43923|117501|246434|246671|318680|318912|3346227|5740715,G9a|tko|Inx6|dpr14|amn|Obp19c|rempA|Gr21a|ine|H15|dpr19|wwk|nrv3|Cirl|trpl|stj|Gr61a|Mob2|DCX-EMAP|wnd|Atg13|FoxP|2mit|loco|Gr98a|mGluR|axo|Gr10a|Obp50c|Obp57d|Dnaaf5|Ir31a|dpr2|Ufm1,-0.30965062994264375,0,4,0,0,-3.370520641286638,2.0983317757511304,
1,-2.858098136335029,GO:0007600,M1,1,0,GO Biological Processes,19,sensory perception,19_GO:0032501 multicellular organismal process,-2.858098136335029,2.0983317757511304,3.504584998408665,9767,231,403,20,4.962779156327543,1.0818245073533694,31228|31702|33039|33230|33251|34408|34886|35408|35846|36003|36526|38098|39617|43305|117501|246434|246671|318680|318912|3346227,tko|dpr14|Obp19c|rempA|Gr21a|dpr19|wwk|nrv3|Cirl|trpl|stj|Gr61a|DCX-EMAP|Gr98a|Gr10a|Obp50c|Obp57d|Dnaaf5|Ir31a|dpr2,-0.26887725795322154,0,4,0,0,-3.370520641286638,2.0983317757511304,
1,-3.2615914487773385,GO:0050803,M1,1,0,GO Biological Processes,19,regulation of synapse structure or activity,19_GO:0065007 biological regulation,-3.2615914487773385,2.3838424927795634,3.92029713292702,9767,183,403,18,4.4665012406947895,1.0289850099542501,31362|33529|33962|36526|38218|39293|39524|39958|40143|40582|41772|42446|42447|43197|43804|43811|43822|43826,Tip60|Mad|Nlg2|stj|drpr|Mob2|Liprin-beta|Nedd4|wnd|spartin|put|Pi3K92E|Lrrk|plum|mav|myo|CG11155|Actbeta,-0.30965062994264375,0,5,1,1,-3.2615914487773385,2.3838424927795634,
1,-3.114471308663806,GO:0050793,M1,1,0,GO Biological Processes,19,regulation of developmental process,19_GO:0032502 developmental process,-3.114471308663806,1.6489501209284796,3.499417517739938,9767,632,403,43,10.66997518610422,1.537899334360399,30971|31175|31405|33441|33529|33627|33657|33769|33861|34215|34495|35922|36526|37720|37822|39293|39567|39958|40143|40249|40582|40725|40831|40832|40998|41118|41136|41772|41935|42358|42446|42447|43197|43766|43767|43804|43825|43826|43991|44851|45233|45343|3885565,G9a|Rtca|ctp|insv|Mad|ft|Paris|H15|Kr-h1|C1GalTA|Nos|Vang|stj|CG13559|Sox14|Mob2|Sox21a|Nedd4|wnd|RhoBTB|spartin|dgrn|Ama|Dfd|Atg13|FER|RhoL|put|Fbxl7|Ire1|Pi3K92E|Lrrk|plum|PlexB|ci|mav|sv|Actbeta|Pten|raw|capt|pk|PIP4K,-0.30965062994264375,0,5,0,0,-3.2615914487773385,2.3838424927795634,
1,-2.7659069452235783,GO:0050807,M1,1,0,GO Biological Processes,19,regulation of synapse organization,19_GO:0050789 regulation of biological process,-2.7659069452235783,2.3606232477200217,3.53060357698024,9767,154,403,15,3.7220843672456576,0.9429831296729647,31362|33529|33962|36526|38218|39293|39524|39958|40143|40582|41772|42446|42447|43197|43804,Tip60|Mad|Nlg2|stj|drpr|Mob2|Liprin-beta|Nedd4|wnd|spartin|put|Pi3K92E|Lrrk|plum|mav,-0.24128152125382776,0,5,0,0,-3.2615914487773385,2.3838424927795634,
1,-2.228215812608434,GO:0040008,M1,1,0,GO Biological Processes,19,regulation of growth,19_GO:0040007 growth,-2.228215812608434,1.789215114826719,2.8703287989659185,9767,298,403,22,5.459057071960298,1.1316607650042043,33529|33627|34495|35922|36526|38218|39293|40143|40510|40582|40633|41168|41935|42358|42446|43197|43724|43826|43991|45343|47873|3885565,Mad|ft|Nos|Vang|stj|drpr|Mob2|wnd|slif|spartin|Hph|Scm|Fbxl7|Ire1|Pi3K92E|plum|CycG|Actbeta|Pten|pk|bgcn|PIP4K,-0.12236513822329034,0,5,0,0,-3.2615914487773385,2.3838424927795634,
1,-3.1408122161349867,GO:0008049,M1,1,0,GO Biological Processes,19,male courtship behavior,19_GO:0022414 reproductive process,-3.1408122161349867,3.635359801488834,4.24769385351031,9767,60,403,9,2.2332506203473947,0.7360575917790178,31228|32999|33962|37844|40940|41182|43305|43669|43838,tko|amn|Nlg2|ppk29|dsx|FoxP|Gr98a|5-HT7|mGluR,-0.30965062994264375,0,6,1,1,-3.1408122161349867,6.924494859978731,
1,-2.7898867552001154,GO:0060179,M1,1,0,GO Biological Processes,19,male mating behavior,19_GO:0022414 reproductive process,-2.7898867552001154,3.2555460908855234,3.843115358558734,9767,67,403,9,2.2332506203473947,0.7360575917790178,31228|32999|33962|37844|40940|41182|43305|43669|43838,tko|amn|Nlg2|ppk29|dsx|FoxP|Gr98a|5-HT7|mGluR,-0.24128152125382776,0,6,0,0,-3.1408122161349867,6.924494859978731,
1,-2.687080257333322,GO:0016545,M1,1,0,GO Biological Processes,19,"male courtship behavior, veined wing vibration",19_GO:0022414 reproductive process,-2.687080257333322,6.924494859978731,4.601785944670091,9767,14,403,4,0.9925558312655087,0.49380885595971985,33962|40940|41182|43669,Nlg2|dsx|FoxP|5-HT7,-0.24128152125382776,0,6,0,0,-3.1408122161349867,6.924494859978731,
1,-2.687080257333322,GO:0048065,M1,1,0,GO Biological Processes,19,"male courtship behavior, veined wing extension",19_GO:0022414 reproductive process,-2.687080257333322,6.924494859978731,4.601785944670091,9767,14,403,4,0.9925558312655087,0.49380885595971985,33962|40940|41182|43669,Nlg2|dsx|FoxP|5-HT7,-0.24128152125382776,0,6,0,0,-3.1408122161349867,6.924494859978731,
1,-2.611778564603047,GO:0007619,M1,1,0,GO Biological Processes,19,courtship behavior,19_GO:0022414 reproductive process,-2.611778564603047,3.072135043511691,3.6352234142300333,9767,71,403,9,2.2332506203473947,0.7360575917790178,31228|32999|33962|37844|40940|41182|43305|43669|43838,tko|amn|Nlg2|ppk29|dsx|FoxP|Gr98a|5-HT7|mGluR,-0.22546273420826612,0,6,0,0,-3.1408122161349867,6.924494859978731,
1,-3.0807188639312506,GO:0007444,M1,1,0,GO Biological Processes,19,imaginal disc development,19_GO:0032502 developmental process,-3.0807188639312506,1.7211556321828134,3.50954727823784,9767,521,403,37,9.181141439205955,1.438413781887982,31004|31405|31589|32162|32547|33529|33627|33769|34495|34774|35922|37785|38218|39038|39419|39958|40046|40826|40879|40940|41772|41935|42445|42687|43174|43767|43769|43791|43795|43804|43811|43826|43833|43835|45233|45339|45343,spdi|ctp|dx|fw|tay|Mad|ft|H15|Nos|ics|Vang|ken|drpr|Doc2|eyg|Nedd4|CG14073|pb|rn|dsx|put|Fbxl7|H|wge|dysf|ci|pan|lgs|zfh2|mav|myo|Actbeta|toy|fuss|capt|net|pk,-0.3058614085875315,0,7,1,1,-3.0807188639312506,1.9837076022359001,
1,-2.8742040485935942,GO:0007166,M1,1,0,GO Biological Processes,19,cell surface receptor signaling pathway,19_GO:0050896 response to stimulus,-2.8742040485935942,1.9837076022359001,3.4710255301998525,9767,281,403,23,5.707196029776675,1.1555750251918173,31234|31589|32611|33529|34011|34774|35846|35922|36258|37272|41772|42446|43766|43767|43769|43791|43799|43803|43804|43811|43826|43832|43838,Pdfr|dx|Traf-like|Mad|Wnt10|ics|Cirl|Vang|ths|Toll-7|put|Pi3K92E|PlexB|ci|pan|lgs|Ephrin|Eph|mav|myo|Actbeta|PlexA|mGluR,-0.26887725795322154,0,7,0,0,-3.0807188639312506,1.9837076022359001,
1,-2.4435646722334985,GO:0035220,M1,1,0,GO Biological Processes,19,wing disc development,19_GO:0032502 developmental process,-2.4435646722334985,1.7601369616147053,3.0397775986056703,9767,358,403,26,6.451612903225806,1.2237699362004961,31004|31405|31589|32162|32547|33529|33627|34774|35922|38218|39419|39958|40046|41772|42445|43767|43769|43791|43795|43804|43811|43826|43835|45233|45339|45343,spdi|ctp|dx|fw|tay|Mad|ft|ics|Vang|drpr|eyg|Nedd4|CG14073|put|H|ci|pan|lgs|zfh2|mav|myo|Actbeta|fuss|capt|net|pk,-0.20280684192148238,0,7,0,0,-3.0807188639312506,1.9837076022359001,
1,-2.1944394025769536,GO:0007552,M1,1,0,GO Biological Processes,19,metamorphosis,19_GO:0032502 developmental process,-2.1944394025769536,1.6307105064683092,2.77823168288306,9767,431,403,29,7.196029776674938,1.2872924758630617,31004|31405|32162|32547|33529|33627|33861|34774|35922|37822|39038|39958|40879|40998|41772|42445|42446|42687|43174|43769|43791|43795|43804|43811|43826|43835|43991|45339|45343,spdi|ctp|fw|tay|Mad|ft|Kr-h1|ics|Vang|Sox14|Doc2|Nedd4|rn|Atg13|put|H|Pi3K92E|wge|dysf|pan|lgs|zfh2|mav|myo|Actbeta|fuss|Pten|net|pk,-0.1112401758235643,0,7,0,0,-3.0807188639312506,1.9837076022359001,
1,-2.1219019739606417,GO:0007472,M1,1,0,GO Biological Processes,19,wing disc morphogenesis,19_GO:0032502 developmental process,-2.1219019739606417,1.8086367171586235,2.7845953324534887,9767,268,403,20,4.962779156327543,1.0818245073533694,31004|31405|32162|32547|33529|33627|34774|35922|39958|41772|42445|43769|43791|43795|43804|43811|43826|43835|45339|45343,spdi|ctp|fw|tay|Mad|ft|ics|Vang|Nedd4|put|H|pan|lgs|zfh2|mav|myo|Actbeta|fuss|net|pk,-0.095232545623123,0,7,0,0,-3.0807188639312506,1.9837076022359001,
1,-2.0812005457569756,GO:0035114,M1,1,0,GO Biological Processes,19,imaginal disc-derived appendage morphogenesis,19_GO:0032502 developmental process,-2.0812005457569756,1.736762554457206,2.721017563460593,9767,307,403,22,5.459057071960298,1.1316607650042043,31405|32162|32547|33529|33627|34774|35922|39419|39958|40879|41772|42445|43174|43769|43791|43795|43804|43811|43826|43835|45339|45343,ctp|fw|tay|Mad|ft|ics|Vang|eyg|Nedd4|rn|put|H|dysf|pan|lgs|zfh2|mav|myo|Actbeta|fuss|net|pk,-0.09260786470067803,0,7,0,0,-3.0807188639312506,1.9837076022359001,
1,-2.0497241014058027,GO:0035107,M1,1,0,GO Biological Processes,19,appendage morphogenesis,19_GO:0032502 developmental process,-2.0497241014058027,1.7255213728749588,2.6884995993514744,9767,309,403,22,5.459057071960298,1.1316607650042043,31405|32162|32547|33529|33627|34774|35922|39419|39958|40879|41772|42445|43174|43769|43791|43795|43804|43811|43826|43835|45339|45343,ctp|fw|tay|Mad|ft|ics|Vang|eyg|Nedd4|rn|put|H|dysf|pan|lgs|zfh2|mav|myo|Actbeta|fuss|net|pk,-0.09260786470067803,0,7,0,0,-3.0807188639312506,1.9837076022359001,
1,-2.0343826972585,GO:0007476,M1,1,0,GO Biological Processes,19,imaginal disc-derived wing morphogenesis,19_GO:0032502 developmental process,-2.0343826972585,1.8057996399552374,2.7048389951651894,9767,255,403,19,4.714640198511166,1.0558077448891856,31405|32162|32547|33529|33627|34774|35922|39958|41772|42445|43769|43791|43795|43804|43811|43826|43835|45339|45343,ctp|fw|tay|Mad|ft|ics|Vang|Nedd4|put|H|pan|lgs|zfh2|mav|myo|Actbeta|fuss|net|pk,-0.09203415462101737,0,7,0,0,-3.0807188639312506,1.9837076022359001,
1,-3.0134110554425533,GO:0120036,M1,1,0,GO Biological Processes,19,plasma membrane bounded cell projection organization,19_GO:0009987 cellular process,-3.0134110554425533,1.6656860487921343,3.435354409123683,9767,582,403,40,9.925558312655086,1.4894493490527057,31425|32162|32229|33217|33230|33627|33830|34166|35066|35349|35922|37272|37822|37977|38748|39524|39958|40143|40940|41087|41118|41136|41168|41772|42358|42446|42921|43766|43767|43799|43819|43832|43991|45233|45343|261629|318680|326116|2768716|5740414,Ptp4E|fw|pira|BBS8|rempA|ft|psd|fy|Oli|Oseg5|Vang|Toll-7|Sox14|CG16896|velo|Liprin-beta|Nedd4|wnd|dsx|Rel|FER|RhoL|Scm|put|Ire1|Pi3K92E|DZIP1|PlexB|ci|Ephrin|pho|PlexA|Pten|capt|pk|Unc-115a|Dnaaf5|tau|mim|Snoo,-0.26887725795322154,0,8,1,1,-3.0134110554425533,1.7586018692009475,
1,-2.9548361311117164,GO:0030182,M1,1,0,GO Biological Processes,19,neuron differentiation,19_GO:0032502 developmental process,-2.9548361311117164,1.6084045376119527,3.3659934355187198,9767,663,403,44,10.918114143920596,1.5535169401094087,31181|31425|32162|32229|33162|33529|33627|34011|35066|35759|35922|37272|37822|38067|38218|38748|39293|39524|39567|39958|40143|40940|41087|41118|41136|41168|41772|42358|42446|43197|43766|43767|43799|43811|43819|43826|43832|43991|45233|45343|261629|318000|326116|5740414,ph-p|Ptp4E|fw|pira|galectin|Mad|ft|Wnt10|Oli|CSN4|Vang|Toll-7|Sox14|klar|drpr|velo|Mob2|Liprin-beta|Sox21a|Nedd4|wnd|dsx|Rel|FER|RhoL|Scm|put|Ire1|Pi3K92E|plum|PlexB|ci|Ephrin|myo|pho|Actbeta|PlexA|Pten|capt|pk|Unc-115a|CG32373|tau|Snoo,-0.26887725795322154,0,8,0,0,-3.0134110554425533,1.7586018692009475,
1,-2.8827776481682843,GO:0000902,M1,1,0,GO Biological Processes,19,cell morphogenesis,19_GO:0032502 developmental process,-2.8827776481682843,1.7586018692009475,3.3819382852358335,9767,441,403,32,7.94044665012407,1.3468039292501062,31181|31425|32229|33529|34066|35066|37272|37822|38748|39293|39524|39958|40143|40940|41087|41118|41136|41168|41772|42358|42446|43766|43767|43769|43791|43799|43819|43832|45233|261629|326116|5740414,ph-p|Ptp4E|pira|Mad|r2d2|Oli|Toll-7|Sox14|velo|Mob2|Liprin-beta|Nedd4|wnd|dsx|Rel|FER|RhoL|Scm|put|Ire1|Pi3K92E|PlexB|ci|pan|lgs|Ephrin|pho|PlexA|capt|Unc-115a|tau|Snoo,-0.26887725795322154,0,8,0,0,-3.0134110554425533,1.7586018692009475,
1,-2.8322554895600125,GO:0030030,M1,1,0,GO Biological Processes,19,cell projection organization,19_GO:0009987 cellular process,-2.8322554895600125,1.6292929082302894,3.2859388557852207,9767,595,403,40,9.925558312655086,1.4894493490527057,31425|32162|32229|33217|33230|33627|33830|34166|35066|35349|35922|37272|37822|37977|38748|39524|39958|40143|40940|41087|41118|41136|41168|41772|42358|42446|42921|43766|43767|43799|43819|43832|43991|45233|45343|261629|318680|326116|2768716|5740414,Ptp4E|fw|pira|BBS8|rempA|ft|psd|fy|Oli|Oseg5|Vang|Toll-7|Sox14|CG16896|velo|Liprin-beta|Nedd4|wnd|dsx|Rel|FER|RhoL|Scm|put|Ire1|Pi3K92E|DZIP1|PlexB|ci|Ephrin|pho|PlexA|Pten|capt|pk|Unc-115a|Dnaaf5|tau|mim|Snoo,-0.2615180168722182,0,8,0,0,-3.0134110554425533,1.7586018692009475,
1,-2.554440985782132,GO:0048699,M1,1,0,GO Biological Processes,19,generation of neurons,19_GO:0032502 developmental process,-2.554440985782132,1.5253257908344757,3.0268413046808744,9767,715,403,45,11.166253101736972,1.5688817134738273,31181|31425|32162|32229|33162|33529|33627|34011|35066|35759|35922|37272|37822|38067|38218|38748|39293|39524|39567|39958|40143|40940|41087|41118|41136|41168|41772|42358|42446|42672|43197|43766|43767|43799|43811|43819|43826|43832|43991|45233|45343|261629|318000|326116|5740414,ph-p|Ptp4E|fw|pira|galectin|Mad|ft|Wnt10|Oli|CSN4|Vang|Toll-7|Sox14|klar|drpr|velo|Mob2|Liprin-beta|Sox21a|Nedd4|wnd|dsx|Rel|FER|RhoL|Scm|put|Ire1|Pi3K92E|loco|plum|PlexB|ci|Ephrin|myo|pho|Actbeta|PlexA|Pten|capt|pk|Unc-115a|CG32373|tau|Snoo,-0.20280684192148238,0,8,0,0,-3.0134110554425533,1.7586018692009475,
1,-2.453538060705934,GO:0048666,M1,1,0,GO Biological Processes,19,neuron development,19_GO:0032502 developmental process,-2.453538060705934,1.6095837198242782,2.984577511496815,9767,527,403,35,8.6848635235732,1.402814874827675,31181|31425|32229|33162|35066|35922|37272|37822|38067|38218|38748|39293|39524|39958|40143|40940|41087|41118|41136|41168|41772|42358|42446|43197|43766|43767|43799|43819|43832|43991|45233|261629|318000|326116|5740414,ph-p|Ptp4E|pira|galectin|Oli|Vang|Toll-7|Sox14|klar|drpr|velo|Mob2|Liprin-beta|Nedd4|wnd|dsx|Rel|FER|RhoL|Scm|put|Ire1|Pi3K92E|plum|PlexB|ci|Ephrin|pho|PlexA|Pten|capt|Unc-115a|CG32373|tau|Snoo,-0.20280684192148238,0,8,0,0,-3.0134110554425533,1.7586018692009475,
1,-2.348094397195269,GO:0048667,M1,1,0,GO Biological Processes,19,cell morphogenesis involved in neuron differentiation,19_GO:0032502 developmental process,-2.348094397195269,1.7311237149946828,2.9490933875568275,9767,364,403,26,6.451612903225806,1.2237699362004961,31425|32229|35066|37272|37822|38748|39524|39958|40143|40940|41087|41118|41136|41168|41772|42358|42446|43766|43767|43799|43819|43832|45233|261629|326116|5740414,Ptp4E|pira|Oli|Toll-7|Sox14|velo|Liprin-beta|Nedd4|wnd|dsx|Rel|FER|RhoL|Scm|put|Ire1|Pi3K92E|PlexB|ci|Ephrin|pho|PlexA|capt|Unc-115a|tau|Snoo,-0.15275641136870594,0,8,0,0,-3.0134110554425533,1.7586018692009475,
1,-2.316998877945681,GO:0048812,M1,1,0,GO Biological Processes,19,neuron projection morphogenesis,19_GO:0032502 developmental process,-2.316998877945681,1.7216640225630178,2.9192329452399646,9767,366,403,26,6.451612903225806,1.2237699362004961,31425|32229|35066|37272|37822|38748|39524|39958|40143|40940|41087|41118|41136|41168|41772|42358|42446|43766|43767|43799|43819|43832|45233|261629|326116|5740414,Ptp4E|pira|Oli|Toll-7|Sox14|velo|Liprin-beta|Nedd4|wnd|dsx|Rel|FER|RhoL|Scm|put|Ire1|Pi3K92E|PlexB|ci|Ephrin|pho|PlexA|capt|Unc-115a|tau|Snoo,-0.15275641136870594,0,8,0,0,-3.0134110554425533,1.7586018692009475,
1,-2.286260196745837,GO:0120039,M1,1,0,GO Biological Processes,19,plasma membrane bounded cell projection morphogenesis,19_GO:0032502 developmental process,-2.286260196745837,1.7123071528751752,2.889552373734027,9767,368,403,26,6.451612903225806,1.2237699362004961,31425|32229|35066|37272|37822|38748|39524|39958|40143|40940|41087|41118|41136|41168|41772|42358|42446|43766|43767|43799|43819|43832|45233|261629|326116|5740414,Ptp4E|pira|Oli|Toll-7|Sox14|velo|Liprin-beta|Nedd4|wnd|dsx|Rel|FER|RhoL|Scm|put|Ire1|Pi3K92E|PlexB|ci|Ephrin|pho|PlexA|capt|Unc-115a|tau|Snoo,-0.15020090440194964,0,8,0,0,-3.0134110554425533,1.7586018692009475,
1,-2.2558741888557003,GO:0048858,M1,1,0,GO Biological Processes,19,cell projection morphogenesis,19_GO:0032502 developmental process,-2.2558741888557003,1.7030514385353095,2.860049372498387,9767,370,403,26,6.451612903225806,1.2237699362004961,31425|32229|35066|37272|37822|38748|39524|39958|40143|40940|41087|41118|41136|41168|41772|42358|42446|43766|43767|43799|43819|43832|45233|261629|326116|5740414,Ptp4E|pira|Oli|Toll-7|Sox14|velo|Liprin-beta|Nedd4|wnd|dsx|Rel|FER|RhoL|Scm|put|Ire1|Pi3K92E|PlexB|ci|Ephrin|pho|PlexA|capt|Unc-115a|tau|Snoo,-0.13743438716253634,0,8,0,0,-3.0134110554425533,1.7586018692009475,
1,-2.1939072303048825,GO:0031175,M1,1,0,GO Biological Processes,19,neuron projection development,19_GO:0032502 developmental process,-2.1939072303048825,1.6650502907582443,2.7916982144751707,9767,393,403,27,6.699751861042183,1.245426881388491,31425|32229|35066|37272|37822|38748|39524|39958|40143|40940|41087|41118|41136|41168|41772|42358|42446|43766|43767|43799|43819|43832|43991|45233|261629|326116|5740414,Ptp4E|pira|Oli|Toll-7|Sox14|velo|Liprin-beta|Nedd4|wnd|dsx|Rel|FER|RhoL|Scm|put|Ire1|Pi3K92E|PlexB|ci|Ephrin|pho|PlexA|Pten|capt|Unc-115a|tau|Snoo,-0.1112401758235643,0,8,0,0,-3.0134110554425533,1.7586018692009475,
1,-2.926967133359431,GO:0030100,M1,1,0,GO Biological Processes,19,regulation of endocytosis,19_GO:0051179 localization,-2.926967133359431,3.1474976636266954,3.9246086308935,9767,77,403,10,2.4813895781637716,0.7748875906275562,31589|35026|38218|39958|40582|41087|41911|42447|2768716|3885565,dx|tweek|drpr|Nedd4|spartin|Rel|nsl1|Lrrk|mim|PIP4K,-0.26887725795322154,0,9,1,1,-2.926967133359431,3.1474976636266954,
1,-2.1855241644185033,GO:0060627,M1,1,0,GO Biological Processes,19,regulation of vesicle-mediated transport,19_GO:0051179 localization,-2.1855241644185033,2.272099875930521,3.0053176744634515,9767,128,403,12,2.977667493796526,0.8466841552488622,31589|35026|38218|38337|39958|40582|41087|41911|42447|49968|2768716|3885565,dx|tweek|drpr|Fife|Nedd4|spartin|Rel|nsl1|Lrrk|Cadps|mim|PIP4K,-0.1112401758235643,0,9,0,0,-2.926967133359431,3.1474976636266954,
1,-2.8660367659322903,GO:0010975,M1,1,0,GO Biological Processes,19,regulation of neuron projection development,19_GO:0032502 developmental process,-2.8660367659322903,2.7436677747085536,3.744430838808096,9767,106,403,12,2.977667493796526,0.8466841552488622,30971|31175|33861|35922|36526|39958|42446|42447|43766|43804|43991|45343,G9a|Rtca|Kr-h1|Vang|stj|Nedd4|Pi3K92E|Lrrk|PlexB|mav|Pten|pk,-0.26887725795322154,0,10,1,1,-2.8660367659322903,3.7700027570995314,
1,-2.6465909674519783,GO:0050773,M1,1,0,GO Biological Processes,19,regulation of dendrite development,19_GO:0032502 developmental process,-2.6465909674519783,3.7700027570995314,3.8635704021545823,9767,45,403,7,1.7369727047146402,0.6507872619252925,30971|36526|39958|42446|42447|43804|43991,G9a|stj|Nedd4|Pi3K92E|Lrrk|mav|Pten,-0.227121170094833,0,10,0,0,-2.8660367659322903,3.7700027570995314,
1,-2.408500977523366,GO:0010720,M1,1,0,GO Biological Processes,19,positive regulation of cell development,19_GO:0048518 positive regulation of biological process,-2.408500977523366,2.8700208959122375,3.395073176050479,9767,76,403,9,2.2332506203473947,0.7360575917790178,30971|31405|35922|37822|40831|42446|43766|43826|45343,G9a|ctp|Vang|Sox14|Ama|Pi3K92E|PlexB|Actbeta|pk,-0.18994602294693408,0,10,0,0,-2.8660367659322903,3.7700027570995314,
1,-2.2816056832594813,GO:0045597,M1,1,0,GO Biological Processes,19,positive regulation of cell differentiation,19_GO:0048518 positive regulation of biological process,-2.2816056832594813,2.445807817515423,3.1489110841354346,9767,109,403,11,2.729528535980149,0.8116743219337194,30971|31405|33441|35922|37822|40831|42446|43766|43767|43826|45343,G9a|ctp|insv|Vang|Sox14|Ama|Pi3K92E|PlexB|ci|Actbeta|pk,-0.15020090440194964,0,10,0,0,-2.8660367659322903,3.7700027570995314,
1,-2.1529391024862545,GO:0051962,M1,1,0,GO Biological Processes,19,positive regulation of nervous system development,19_GO:0048518 positive regulation of biological process,-2.1529391024862545,2.4730338785638324,3.040291138245167,9767,98,403,10,2.4813895781637716,0.7748875906275562,30971|33529|35922|39958|40143|40831|42446|43766|43826|45343,G9a|Mad|Vang|Nedd4|wnd|Ama|Pi3K92E|PlexB|Actbeta|pk,-0.10041549208114857,0,10,0,0,-2.8660367659322903,3.7700027570995314,
1,-2.1386876367631404,GO:0120035,M1,1,0,GO Biological Processes,19,regulation of plasma membrane bounded cell projection organization,19_GO:0050789 regulation of biological process,-2.1386876367631404,2.157976137870084,2.9244628659876355,9767,146,403,13,3.225806451612903,0.8801291608038716,30971|31175|33861|34215|35922|36526|39958|42446|42447|43766|43804|43991|45343,G9a|Rtca|Kr-h1|C1GalTA|Vang|stj|Nedd4|Pi3K92E|Lrrk|PlexB|mav|Pten|pk,-0.09622394124238988,0,10,0,0,-2.8660367659322903,3.7700027570995314,
1,-2.069172547391842,GO:2000026,M1,1,0,GO Biological Processes,19,regulation of multicellular organismal development,19_GO:0032502 developmental process,-2.069172547391842,1.820074735923263,2.741651821557718,9767,253,403,19,4.714640198511166,1.0558077448891856,30971|33529|35922|36526|39293|39958|40143|40582|40725|40831|41118|42446|42447|43197|43766|43767|43826|43991|45343,G9a|Mad|Vang|stj|Mob2|Nedd4|wnd|spartin|dgrn|Ama|FER|Pi3K92E|Lrrk|plum|PlexB|ci|Actbeta|Pten|pk,-0.09260786470067803,0,10,0,0,-2.8660367659322903,3.7700027570995314,
1,-2.0517101919172105,GO:0045595,M1,1,0,GO Biological Processes,19,regulation of cell differentiation,19_GO:0032502 developmental process,-2.0517101919172105,1.812909087356636,2.7232045807836243,9767,254,403,19,4.714640198511166,1.0558077448891856,30971|31405|33441|33529|33861|34215|35922|37822|39567|39958|40831|42446|42447|43766|43767|43825|43826|43991|45343,G9a|ctp|insv|Mad|Kr-h1|C1GalTA|Vang|Sox14|Sox21a|Nedd4|Ama|Pi3K92E|Lrrk|PlexB|ci|sv|Actbeta|Pten|pk,-0.09260786470067803,0,10,0,0,-2.8660367659322903,3.7700027570995314,
1,-2.0435565791000783,GO:0031344,M1,1,0,GO Biological Processes,19,regulation of cell projection organization,19_GO:0050789 regulation of biological process,-2.0435565791000783,2.100430107526882,2.817529462645962,9767,150,403,13,3.225806451612903,0.8801291608038716,30971|31175|33861|34215|35922|36526|39958|42446|42447|43766|43804|43991|45343,G9a|Rtca|Kr-h1|C1GalTA|Vang|stj|Nedd4|Pi3K92E|Lrrk|PlexB|mav|Pten|pk,-0.09260786470067803,0,10,0,0,-2.8660367659322903,3.7700027570995314,
1,-2.03896422931962,GO:0022603,M1,1,0,GO Biological Processes,19,regulation of anatomical structure morphogenesis,19_GO:0032502 developmental process,-2.03896422931962,2.031738012808131,2.7897946130568205,9767,167,403,14,3.4739454094292803,0.912181477410119,30971|33627|33657|35922|39958|40249|41118|41136|42447|43766|43991|44851|45233|45343,G9a|ft|Paris|Vang|Nedd4|RhoBTB|FER|RhoL|Lrrk|PlexB|Pten|raw|capt|pk,-0.09233688870286244,0,10,0,0,-2.8660367659322903,3.7700027570995314,
1,-2.6901138999944068,GO:0042059,M1,1,0,GO Biological Processes,19,negative regulation of epidermal growth factor receptor signaling pathway,19_GO:0048519 negative regulation of biological process,-2.6901138999944068,4.406496729077374,4.066300367895892,9767,33,403,6,1.488833746898263,0.6032721954855562,31425|32547|34688|43991|2768944|3885637,Ptp4E|tay|kek1|Pten|rho-5|Egfrap,-0.24128152125382776,0,11,1,1,-2.6901138999944068,4.406496729077374,
1,-2.6901138999944068,GO:1901185,M1,1,0,GO Biological Processes,19,negative regulation of ERBB signaling pathway,19_GO:0048519 negative regulation of biological process,-2.6901138999944068,4.406496729077374,4.066300367895892,9767,33,403,6,1.488833746898263,0.6032721954855562,31425|32547|34688|43991|2768944|3885637,Ptp4E|tay|kek1|Pten|rho-5|Egfrap,-0.24128152125382776,0,11,0,0,-2.6901138999944068,4.406496729077374,
1,-2.4824231407856114,GO:0042058,M1,1,0,GO Biological Processes,19,regulation of epidermal growth factor receptor signaling pathway,19_GO:0050896 response to stimulus,-2.4824231407856114,3.534377584780811,3.6514161070680338,9767,48,403,7,1.7369727047146402,0.6507872619252925,31425|32547|34688|40831|43991|2768944|3885637,Ptp4E|tay|kek1|Ama|Pten|rho-5|Egfrap,-0.20280684192148238,0,11,0,0,-2.6901138999944068,4.406496729077374,
1,-2.4824231407856114,GO:1901184,M1,1,0,GO Biological Processes,19,regulation of ERBB signaling pathway,19_GO:0050896 response to stimulus,-2.4824231407856114,3.534377584780811,3.6514161070680338,9767,48,403,7,1.7369727047146402,0.6507872619252925,31425|32547|34688|40831|43991|2768944|3885637,Ptp4E|tay|kek1|Ama|Pten|rho-5|Egfrap,-0.20280684192148238,0,11,0,0,-2.6901138999944068,4.406496729077374,
1,-2.6082097245406715,GO:0045892,M1,1,0,GO Biological Processes,19,negative regulation of DNA-templated transcription,19_GO:0048519 negative regulation of biological process,-2.6082097245406715,1.9248595820157484,3.23938643530349,9767,277,403,22,5.459057071960298,1.1316607650042043,30971|31181|33441|33529|33657|36431|37822|39419|39567|40046|40345|40832|40879|40940|41168|42445|43767|43769|43819|43835|44811|45339,G9a|ph-p|insv|Mad|Paris|Psc|Sox14|eyg|Sox21a|CG14073|Eip78C|Dfd|rn|dsx|Scm|H|ci|pan|pho|fuss|E(bx)|net,-0.22546273420826612,0,12,1,1,-2.6082097245406715,1.9248595820157484,
1,-2.6082097245406715,GO:1902679,M1,1,0,GO Biological Processes,19,negative regulation of RNA biosynthetic process,19_GO:0048519 negative regulation of biological process,-2.6082097245406715,1.9248595820157484,3.23938643530349,9767,277,403,22,5.459057071960298,1.1316607650042043,30971|31181|33441|33529|33657|36431|37822|39419|39567|40046|40345|40832|40879|40940|41168|42445|43767|43769|43819|43835|44811|45339,G9a|ph-p|insv|Mad|Paris|Psc|Sox14|eyg|Sox21a|CG14073|Eip78C|Dfd|rn|dsx|Scm|H|ci|pan|pho|fuss|E(bx)|net,-0.22546273420826612,0,12,0,0,-2.6082097245406715,1.9248595820157484,
1,-2.384452852131849,GO:0051253,M1,1,0,GO Biological Processes,19,negative regulation of RNA metabolic process,19_GO:0048519 negative regulation of biological process,-2.384452852131849,1.8449346166725338,3.0247804200460275,9767,289,403,22,5.459057071960298,1.1316607650042043,30971|31181|33441|33529|33657|36431|37822|39419|39567|40046|40345|40832|40879|40940|41168|42445|43767|43769|43819|43835|44811|45339,G9a|ph-p|insv|Mad|Paris|Psc|Sox14|eyg|Sox21a|CG14073|Eip78C|Dfd|rn|dsx|Scm|H|ci|pan|pho|fuss|E(bx)|net,-0.17386682722669267,0,12,0,0,-2.6082097245406715,1.9248595820157484,
1,-2.3321806888649332,GO:0045934,M1,1,0,GO Biological Processes,19,negative regulation of nucleobase-containing compound metabolic process,19_GO:0048519 negative regulation of biological process,-2.3321806888649332,1.7981349555751223,2.962515728488543,9767,310,403,23,5.707196029776675,1.1555750251918173,30971|31181|33441|33529|33657|34495|36431|37822|39419|39567|40046|40345|40832|40879|40940|41168|42445|43767|43769|43819|43835|44811|45339,G9a|ph-p|insv|Mad|Paris|Nos|Psc|Sox14|eyg|Sox21a|CG14073|Eip78C|Dfd|rn|dsx|Scm|H|ci|pan|pho|fuss|E(bx)|net,-0.15275641136870594,0,12,0,0,-2.6082097245406715,1.9248595820157484,
1,-2.566616792158416,R-DME-3899300,M1,1,0,Reactome Gene Sets,6,SUMOylation of transcription cofactors,,-2.566616792158416,6.462861869313483,4.392372694879544,9767,15,403,4,0.9925558312655087,0.49380885595971985,31181|36431|41168|43559,ph-p|Psc|Scm|Nph,-0.20280684192148238,0,13,1,1,-2.566616792158416,7.270719602977667,
1,-2.2586065756201172,R-DME-8953750,M1,1,0,Reactome Gene Sets,6,Transcriptional Regulation by E2F6,,-2.2586065756201172,5.385718224427902,3.863466255705317,9767,18,403,4,0.9925558312655087,0.49380885595971985,30971|31181|31834|36431,G9a|ph-p|HP1b|Psc,-0.13743438716253634,0,13,0,0,-2.566616792158416,7.270719602977667,
1,-2.1715698267688377,GO:0030713,M1,1,0,GO Biological Processes,19,follicle cell of egg chamber stalk formation,19_GO:0022414 reproductive process,-2.1715698267688377,7.270719602977667,4.115659239041579,9767,10,403,3,0.7444168734491315,0.4281865820419733,31181|34066|41168,ph-p|r2d2|Scm,-0.1112401758235643,0,13,0,0,-2.566616792158416,7.270719602977667,
1,-2.1715698267688377,R-DME-4570464,M1,1,0,Reactome Gene Sets,6,SUMOylation of RNA binding proteins,,-2.1715698267688377,7.270719602977667,4.115659239041579,9767,10,403,3,0.7444168734491315,0.4281865820419733,31181|36431|41168,ph-p|Psc|Scm,-0.1112401758235643,0,13,0,0,-2.566616792158416,7.270719602977667,
1,-2.531335619772481,GO:0036211,M1,1,0,GO Biological Processes,19,protein modification process,19_GO:0009987 cellular process,-2.531335619772481,1.5210710466480477,3.006854483745065,9767,717,403,45,11.166253101736972,1.5688817134738273,31154|31425|31519|31553|31589|32229|32532|33455|34187|34215|34348|35178|35571|35759|36279|36302|36850|36990|37375|37950|38164|38182|38443|38748|39958|40143|40565|40725|40872|41118|41772|41935|42162|42358|42447|43008|43792|43803|43991|47729|317885|318246|3355171|3885567|5740715,Edem1|Ptp4E|Usp30|Efr|dx|pira|sordd1|Tmtc1|Uba4|C1GalTA|CG4839|Phlpp|CG17266|CSN4|GalT1|bsd|CG4945|POSH|CG15651|SiaT|FucTD|Pex10|ntc|velo|Nedd4|wnd|Lipt2|dgrn|CG1227|FER|put|Fbxl7|sr|Ire1|Lrrk|shams|CaMKI|Eph|Pten|TTLL4A|CG32152|Rnf11|FucTC|Dyrk3|Ufm1,-0.20280684192148238,0,14,1,1,-2.531335619772481,1.5210710466480477,
1,-2.4824231407856114,GO:0007218,M1,1,0,GO Biological Processes,19,neuropeptide signaling pathway,19_GO:0050896 response to stimulus,-2.4824231407856114,3.534377584780811,3.6514161070680338,9767,48,403,7,1.7369727047146402,0.6507872619252925,31234|32999|39127|39409|40754|41286|43393,Pdfr|amn|CNMaR|CrzR|NPFR|TkR86C|AstA-R2,-0.20280684192148238,0,15,1,1,-2.4824231407856114,3.534377584780811,
1,-2.1482742194886053,GO:0007186,M1,1,0,GO Biological Processes,19,G protein-coupled receptor signaling pathway,19_GO:0050896 response to stimulus,-2.1482742194886053,1.978427102851066,2.870503180729811,9767,196,403,16,3.970223325062035,0.9726529417271421,31234|32999|33812|35832|35846|36385|39127|39409|40575|40754|41286|42672|43393|43669|43838|3885573,Pdfr|amn|TrissinR|mtt|Cirl|CG17760|CNMaR|CrzR|5-HT2A|NPFR|TkR86C|loco|AstA-R2|5-HT7|mGluR|Octbeta3R,-0.10041549208114857,0,15,0,0,-2.4824231407856114,3.534377584780811,
1,-2.4757699824842554,GO:0006964,M1,1,0,GO Biological Processes,19,positive regulation of biosynthetic process of antibacterial peptides active against Gram-negative bacteria,19_GO:0002376 immune system process,-2.4757699824842554,9.088399503722083,4.747720116608499,9767,8,403,3,0.7444168734491315,0.4281865820419733,38748|39063|41087,velo|PGRP-LC|Rel,-0.20280684192148238,0,16,1,1,-2.4757699824842554,9.088399503722083,
1,-2.4757699824842554,GO:0021953,M1,1,0,GO Biological Processes,19,central nervous system neuron differentiation,19_GO:0032502 developmental process,-2.4757699824842554,9.088399503722083,4.747720116608499,9767,8,403,3,0.7444168734491315,0.4281865820419733,31181|32229|38748,ph-p|pira|velo,-0.20280684192148238,0,16,0,0,-2.4757699824842554,9.088399503722083,
1,-2.4757699824842554,GO:0021954,M1,1,0,GO Biological Processes,19,central nervous system neuron development,19_GO:0032502 developmental process,-2.4757699824842554,9.088399503722083,4.747720116608499,9767,8,403,3,0.7444168734491315,0.4281865820419733,31181|32229|38748,ph-p|pira|velo,-0.20280684192148238,0,16,0,0,-2.4757699824842554,9.088399503722083,
1,-2.4636670696475966,GO:0007417,M1,1,0,GO Biological Processes,19,central nervous system development,19_GO:0032502 developmental process,-2.4636670696475966,1.9061811693199877,3.1145050669206986,9767,267,403,21,5.2109181141439205,1.1070921200774868,31181|31425|32229|33529|34215|36431|37822|38748|39419|39567|39592|41168|42162|42672|43799|43803|43811|43825|43826|43833|44851,ph-p|Ptp4E|pira|Mad|C1GalTA|Psc|Sox14|velo|eyg|Sox21a|shd|Scm|sr|loco|Ephrin|Eph|myo|sv|Actbeta|toy|raw,-0.20280684192148238,0,17,1,1,-2.4636670696475966,1.9061811693199877,
1,-2.4377522126860836,GO:0007447,M1,1,0,GO Biological Processes,19,imaginal disc pattern formation,19_GO:0032502 developmental process,-2.4377522126860836,2.5633947318190495,3.3251367020238844,9767,104,403,11,2.729528535980149,0.8116743219337194,33529|33627|33769|38218|40046|41772|41935|42445|43767|43791|45233,Mad|ft|H15|drpr|CG14073|put|Fbxl7|H|ci|lgs|capt,-0.20280684192148238,0,18,1,1,-2.4377522126860836,2.5633947318190495,
1,-2.3113134362698524,GO:0045746,M1,1,0,GO Biological Processes,19,negative regulation of Notch signaling pathway,19_GO:0048519 negative regulation of biological process,-2.3113134362698524,3.7285741553731624,3.5419013776705137,9767,39,403,6,1.488833746898263,0.6032721954855562,31589|33441|39958|42445|43008|43724,dx|insv|Nedd4|H|shams|CycG,-0.15275641136870594,0,19,1,1,-2.3113134362698524,3.7285741553731624,
1,-2.1091269574082503,GO:0010648,M1,1,0,GO Biological Processes,19,negative regulation of cell communication,19_GO:0048519 negative regulation of biological process,-2.1091269574082503,1.6400119405212783,2.707891530516066,9767,399,403,27,6.699751861042183,1.245426881388491,31425|31589|32547|33441|33962|34032|34573|34688|34774|36990|37785|39958|39984|40582|41087|42445|43008|43724|43767|43835|43991|44811|44851|2768944|3885565|3885637|5740414,Ptp4E|dx|tay|insv|Nlg2|RapGAP1|Dlg5|kek1|ics|POSH|ken|Nedd4|Grd|spartin|Rel|H|shams|CycG|ci|fuss|Pten|E(bx)|raw|rho-5|PIP4K|Egfrap|Snoo,-0.09264284068229048,0,19,0,0,-2.3113134362698524,3.7285741553731624,
1,-2.289984643222211,GO:0051129,M1,1,0,GO Biological Processes,19,negative regulation of cellular component organization,19_GO:0048519 negative regulation of biological process,-2.289984643222211,2.2504608294930875,3.0914968230120135,9767,140,403,13,3.225806451612903,0.8801291608038716,31175|31834|33657|33861|36526|36668|39293|40582|42447|43197|43991|2768716|3885565,Rtca|HP1b|Paris|Kr-h1|stj|Kank|Mob2|spartin|Lrrk|plum|Pten|mim|PIP4K,-0.15020090440194964,0,20,1,1,-2.289984643222211,6.609745093616061,
1,-2.232591844815802,GO:0051093,M1,1,0,GO Biological Processes,19,negative regulation of developmental process,19_GO:0048519 negative regulation of biological process,-2.232591844815802,2.0196443341604633,2.9601254300576625,9767,192,403,16,3.970223325062035,0.9726529417271421,31175|33529|33627|33657|33861|34215|36526|39293|39567|40582|41772|41935|42358|42447|43197|43991,Rtca|Mad|ft|Paris|Kr-h1|C1GalTA|stj|Mob2|Sox21a|spartin|put|Fbxl7|Ire1|Lrrk|plum|Pten,-0.12236513822329034,0,20,0,0,-2.289984643222211,6.609745093616061,
1,-2.0466199002243957,GO:0010977,M1,1,0,GO Biological Processes,19,negative regulation of neuron projection development,19_GO:0048519 negative regulation of biological process,-2.0466199002243957,6.609745093616061,3.8617464384717133,9767,11,403,3,0.7444168734491315,0.4281865820419733,31175|33861|43991,Rtca|Kr-h1|Pten,-0.09260786470067803,0,20,0,0,-2.289984643222211,6.609745093616061,
1,-2.009648826657567,GO:0031345,M1,1,0,GO Biological Processes,19,negative regulation of cell projection organization,19_GO:0048519 negative regulation of biological process,-2.009648826657567,4.616329906652488,3.441475382685832,9767,21,403,4,0.9925558312655087,0.49380885595971985,31175|33861|42447|43991,Rtca|Kr-h1|Lrrk|Pten,-0.07573345155694716,0,20,0,0,-2.289984643222211,6.609745093616061,
1,-2.1715698267688377,GO:0060966,M1,1,0,GO Biological Processes,19,regulation of gene silencing by regulatory ncRNA,19_GO:0048519 negative regulation of biological process,-2.1715698267688377,7.270719602977667,4.115659239041579,9767,10,403,3,0.7444168734491315,0.4281865820419733,34066|36922|50356,r2d2|Mov10|Dora,-0.1112401758235643,0,21,1,1,-2.1715698267688377,7.270719602977667,
1,-2.1700942875324842,GO:0035212,M1,1,0,GO Biological Processes,19,cell competition in a multicellular organism,19_GO:0040007 growth,-2.1700942875324842,5.1022593705106445,3.7129776622947346,9767,19,403,4,0.9925558312655087,0.49380885595971985,38218|42446|43991|47873,drpr|Pi3K92E|Pten|bgcn,-0.1112401758235643,0,22,1,1,-2.1700942875324842,5.1022593705106445,
1,-2.058132125834531,GO:0009888,M1,1,0,GO Biological Processes,19,tissue development,19_GO:0032502 developmental process,-2.058132125834531,1.5068848918088433,2.6086650276948875,9767,579,403,36,8.933002481389579,1.420779601816929,31181|31425|32162|33529|33611|33627|33769|33830|34066|34573|35759|35922|36258|36674|36850|36990|39038|39592|40297|40633|41118|41136|41168|41772|42162|42446|42672|43174|43724|43769|43991|44851|45343|326116|2768716|19835749,ph-p|Ptp4E|fw|Mad|capu|ft|H15|psd|r2d2|Dlg5|CSN4|Vang|ths|pcs|CG4945|POSH|Doc2|shd|Six4|Hph|FER|RhoL|Scm|put|sr|Pi3K92E|loco|dysf|CycG|pan|Pten|raw|pk|tau|mim|CG44245,-0.09260786470067803,0,23,1,1,-2.058132125834531,1.5068848918088433,
