Category,CategoryID,GO,Description,PARENT_GO,LogP,Enrichment,Z-score,#TotalGeneInLibrary,#GeneInGO,#GeneInHitList,#GeneInGOAndHitList,%InGO,STDV %InGO,GeneID,Hits,Log(q-value),GeneList
GO Biological Processes,19,GO:0050808,synapse organization,19_GO:0009987 cellular process,-5.3,2.9,5.5,9767,181,403,22,5.5,1.1,31702|32229|33162|33793|33962|34215|34408|34495|36526|37950|38337|38748|39524|39958|41911|42446|42447|43766|43832|43838|3346227|7354433,dpr14|pira|galectin|DIP-eta|Nlg2|C1GalTA|dpr19|Nos|stj|SiaT|Fife|velo|Liprin-beta|Nedd4|nsl1|Pi3K92E|Lrrk|PlexB|PlexA|mGluR|dpr2|DIP-epsilon,-1.3,canonical300nt_netgain_500
GO Biological Processes,19,GO:0034330,cell junction organization,19_GO:0009987 cellular process,-4.1,2.4,4.5,9767,245,403,24,6,1.2,31702|32229|33162|33793|33962|34215|34408|34495|36526|37403|37950|38337|38748|39524|39958|41911|42446|42447|42672|43766|43832|43838|3346227|7354433,dpr14|pira|galectin|DIP-eta|Nlg2|C1GalTA|dpr19|Nos|stj|Magi|SiaT|Fife|velo|Liprin-beta|Nedd4|nsl1|Pi3K92E|Lrrk|loco|PlexB|PlexA|mGluR|dpr2|DIP-epsilon,-0.77,canonical300nt_netgain_500
GO Biological Processes,19,GO:0035010,encapsulation of foreign target,19_GO:0002376 immune system process,-4,5.2,5.4,9767,37,403,8,2,0.69,31957|38050|39617|40249|41136|43799|43803|43991,alpha-Man-Ia|RhoGEF3|DCX-EMAP|RhoBTB|RhoL|Ephrin|Eph|Pten,-0.77,canonical300nt_netgain_500
GO Biological Processes,19,GO:0002252,immune effector process,19_GO:0002376 immune system process,-4,5.2,5.4,9767,37,403,8,2,0.69,31957|38050|39617|40249|41136|43799|43803|43991,alpha-Man-Ia|RhoGEF3|DCX-EMAP|RhoBTB|RhoL|Ephrin|Eph|Pten,-0.77,canonical300nt_netgain_500
GO Biological Processes,19,GO:0035011,melanotic encapsulation of foreign target,19_GO:0002376 immune system process,-4,6.1,5.6,9767,28,403,7,1.7,0.65,38050|39617|40249|41136|43799|43803|43991,RhoGEF3|DCX-EMAP|RhoBTB|RhoL|Ephrin|Eph|Pten,-0.77,canonical300nt_netgain_500
Reactome Gene Sets,6,R-DME-201451,Signaling by BMP,,-3.9,9.3,6.2,9767,13,403,5,1.2,0.55,33529|41772|43804|43826|5740414,Mad|put|mav|Actbeta|Snoo,-0.77,canonical300nt_netgain_500
GO Biological Processes,19,GO:0141091,transforming growth factor beta receptor superfamily signaling pathway,19_GO:0050896 response to stimulus,-3.5,7.6,5.5,9767,16,403,5,1.2,0.55,33529|41772|43804|43811|43826,Mad|put|mav|myo|Actbeta,-0.35,canonical300nt_netgain_500
GO Biological Processes,19,GO:0050877,nervous system process,19_GO:0032501 multicellular organismal process,-3.4,1.9,3.8,9767,395,403,31,7.7,1.3,30971|31228|31645|31702|32999|33039|33230|33251|33659|34408|34886|35408|35846|36003|36526|38098|39293|39617|40143|41182|41616|43305|43838|43923|117501|246434|246671|318680|318912|3346227|5740715,G9a|tko|Inx6|dpr14|amn|Obp19c|rempA|Gr21a|ine|dpr19|wwk|nrv3|Cirl|trpl|stj|Gr61a|Mob2|DCX-EMAP|wnd|FoxP|2mit|Gr98a|mGluR|axo|Gr10a|Obp50c|Obp57d|Dnaaf5|Ir31a|dpr2|Ufm1,-0.32,canonical300nt_netgain_500
GO Biological Processes,19,GO:0050803,regulation of synapse structure or activity,19_GO:0065007 biological regulation,-3.3,2.4,3.9,9767,183,403,18,4.5,1,31362|33529|33962|36526|38218|39293|39524|39958|40143|40582|41772|42446|42447|43197|43804|43811|43822|43826,Tip60|Mad|Nlg2|stj|drpr|Mob2|Liprin-beta|Nedd4|wnd|spartin|put|Pi3K92E|Lrrk|plum|mav|myo|CG11155|Actbeta,-0.31,canonical300nt_netgain_500
GO Biological Processes,19,GO:0007178,cell surface receptor protein serine/threonine kinase signaling pathway,19_GO:0050896 response to stimulus,-3.2,6.7,5,9767,18,403,5,1.2,0.55,33529|41772|43804|43811|43826,Mad|put|mav|myo|Actbeta,-0.31,canonical300nt_netgain_500
GO Biological Processes,19,GO:0003008,system process,19_GO:0032501 multicellular organismal process,-3.2,1.8,3.6,9767,460,403,34,8.4,1.4,30971|31228|31645|31702|32999|33039|33230|33251|33659|33769|34408|34886|35408|35846|36003|36526|38098|39293|39617|40143|40998|41182|41616|42672|43305|43838|43923|117501|246434|246671|318680|318912|3346227|5740715,G9a|tko|Inx6|dpr14|amn|Obp19c|rempA|Gr21a|ine|H15|dpr19|wwk|nrv3|Cirl|trpl|stj|Gr61a|Mob2|DCX-EMAP|wnd|Atg13|FoxP|2mit|loco|Gr98a|mGluR|axo|Gr10a|Obp50c|Obp57d|Dnaaf5|Ir31a|dpr2|Ufm1,-0.31,canonical300nt_netgain_500
GO Biological Processes,19,GO:0008049,male courtship behavior,19_GO:0022414 reproductive process,-3.1,3.6,4.2,9767,60,403,9,2.2,0.74,31228|32999|33962|37844|40940|41182|43305|43669|43838,tko|amn|Nlg2|ppk29|dsx|FoxP|Gr98a|5-HT7|mGluR,-0.31,canonical300nt_netgain_500
GO Biological Processes,19,GO:0045087,innate immune response,19_GO:0002376 immune system process,-3.1,2.5,3.9,9767,157,403,16,4,0.97,36990|37272|38050|38696|39617|40249|40725|41087|41136|41645|43360|43799|43803|43991|3771920|7354475,POSH|Toll-7|RhoGEF3|CG10469|DCX-EMAP|RhoBTB|dgrn|Rel|RhoL|CG8870|CG4815|Ephrin|Eph|Pten|PGRP-LD|CG42259,-0.31,canonical300nt_netgain_500
GO Biological Processes,19,GO:0050793,regulation of developmental process,19_GO:0032502 developmental process,-3.1,1.6,3.5,9767,632,403,43,11,1.5,30971|31175|31405|33441|33529|33627|33657|33769|33861|34215|34495|35922|36526|37720|37822|39293|39567|39958|40143|40249|40582|40725|40831|40832|40998|41118|41136|41772|41935|42358|42446|42447|43197|43766|43767|43804|43825|43826|43991|44851|45233|45343|3885565,G9a|Rtca|ctp|insv|Mad|ft|Paris|H15|Kr-h1|C1GalTA|Nos|Vang|stj|CG13559|Sox14|Mob2|Sox21a|Nedd4|wnd|RhoBTB|spartin|dgrn|Ama|Dfd|Atg13|FER|RhoL|put|Fbxl7|Ire1|Pi3K92E|Lrrk|plum|PlexB|ci|mav|sv|Actbeta|Pten|raw|capt|pk|PIP4K,-0.31,canonical300nt_netgain_500
GO Biological Processes,19,GO:0007444,imaginal disc development,19_GO:0032502 developmental process,-3.1,1.7,3.5,9767,521,403,37,9.2,1.4,31004|31405|31589|32162|32547|33529|33627|33769|34495|34774|35922|37785|38218|39038|39419|39958|40046|40826|40879|40940|41772|41935|42445|42687|43174|43767|43769|43791|43795|43804|43811|43826|43833|43835|45233|45339|45343,spdi|ctp|dx|fw|tay|Mad|ft|H15|Nos|ics|Vang|ken|drpr|Doc2|eyg|Nedd4|CG14073|pb|rn|dsx|put|Fbxl7|H|wge|dysf|ci|pan|lgs|zfh2|mav|myo|Actbeta|toy|fuss|capt|net|pk,-0.31,canonical300nt_netgain_500
GO Biological Processes,19,GO:0120036,plasma membrane bounded cell projection organization,19_GO:0009987 cellular process,-3,1.7,3.4,9767,582,403,40,9.9,1.5,31425|32162|32229|33217|33230|33627|33830|34166|35066|35349|35922|37272|37822|37977|38748|39524|39958|40143|40940|41087|41118|41136|41168|41772|42358|42446|42921|43766|43767|43799|43819|43832|43991|45233|45343|261629|318680|326116|2768716|5740414,Ptp4E|fw|pira|BBS8|rempA|ft|psd|fy|Oli|Oseg5|Vang|Toll-7|Sox14|CG16896|velo|Liprin-beta|Nedd4|wnd|dsx|Rel|FER|RhoL|Scm|put|Ire1|Pi3K92E|DZIP1|PlexB|ci|Ephrin|pho|PlexA|Pten|capt|pk|Unc-115a|Dnaaf5|tau|mim|Snoo,-0.27,canonical300nt_netgain_500
GO Biological Processes,19,GO:0030182,neuron differentiation,19_GO:0032502 developmental process,-3,1.6,3.4,9767,663,403,44,11,1.6,31181|31425|32162|32229|33162|33529|33627|34011|35066|35759|35922|37272|37822|38067|38218|38748|39293|39524|39567|39958|40143|40940|41087|41118|41136|41168|41772|42358|42446|43197|43766|43767|43799|43811|43819|43826|43832|43991|45233|45343|261629|318000|326116|5740414,ph-p|Ptp4E|fw|pira|galectin|Mad|ft|Wnt10|Oli|CSN4|Vang|Toll-7|Sox14|klar|drpr|velo|Mob2|Liprin-beta|Sox21a|Nedd4|wnd|dsx|Rel|FER|RhoL|Scm|put|Ire1|Pi3K92E|plum|PlexB|ci|Ephrin|myo|pho|Actbeta|PlexA|Pten|capt|pk|Unc-115a|CG32373|tau|Snoo,-0.27,canonical300nt_netgain_500
GO Biological Processes,19,GO:0030100,regulation of endocytosis,19_GO:0051179 localization,-2.9,3.1,3.9,9767,77,403,10,2.5,0.77,31589|35026|38218|39958|40582|41087|41911|42447|2768716|3885565,dx|tweek|drpr|Nedd4|spartin|Rel|nsl1|Lrrk|mim|PIP4K,-0.27,canonical300nt_netgain_500
GO Biological Processes,19,GO:0035006,melanization defense response,19_GO:0002376 immune system process,-2.9,4.1,4.2,9767,41,403,7,1.7,0.65,38050|39617|40249|41136|43799|43803|43991,RhoGEF3|DCX-EMAP|RhoBTB|RhoL|Ephrin|Eph|Pten,-0.27,canonical300nt_netgain_500
GO Biological Processes,19,GO:0000902,cell morphogenesis,19_GO:0032502 developmental process,-2.9,1.8,3.4,9767,441,403,32,7.9,1.3,31181|31425|32229|33529|34066|35066|37272|37822|38748|39293|39524|39958|40143|40940|41087|41118|41136|41168|41772|42358|42446|43766|43767|43769|43791|43799|43819|43832|45233|261629|326116|5740414,ph-p|Ptp4E|pira|Mad|r2d2|Oli|Toll-7|Sox14|velo|Mob2|Liprin-beta|Nedd4|wnd|dsx|Rel|FER|RhoL|Scm|put|Ire1|Pi3K92E|PlexB|ci|pan|lgs|Ephrin|pho|PlexA|capt|Unc-115a|tau|Snoo,-0.27,canonical300nt_netgain_500
GO Biological Processes,19,GO:0007166,cell surface receptor signaling pathway,19_GO:0050896 response to stimulus,-2.9,2,3.5,9767,281,403,23,5.7,1.2,31234|31589|32611|33529|34011|34774|35846|35922|36258|37272|41772|42446|43766|43767|43769|43791|43799|43803|43804|43811|43826|43832|43838,Pdfr|dx|Traf-like|Mad|Wnt10|ics|Cirl|Vang|ths|Toll-7|put|Pi3K92E|PlexB|ci|pan|lgs|Ephrin|Eph|mav|myo|Actbeta|PlexA|mGluR,-0.27,canonical300nt_netgain_500
GO Biological Processes,19,GO:0010975,regulation of neuron projection development,19_GO:0032502 developmental process,-2.9,2.7,3.7,9767,106,403,12,3,0.85,30971|31175|33861|35922|36526|39958|42446|42447|43766|43804|43991|45343,G9a|Rtca|Kr-h1|Vang|stj|Nedd4|Pi3K92E|Lrrk|PlexB|mav|Pten|pk,-0.27,canonical300nt_netgain_500
GO Biological Processes,19,GO:0007600,sensory perception,19_GO:0032501 multicellular organismal process,-2.9,2.1,3.5,9767,231,403,20,5,1.1,31228|31702|33039|33230|33251|34408|34886|35408|35846|36003|36526|38098|39617|43305|117501|246434|246671|318680|318912|3346227,tko|dpr14|Obp19c|rempA|Gr21a|dpr19|wwk|nrv3|Cirl|trpl|stj|Gr61a|DCX-EMAP|Gr98a|Gr10a|Obp50c|Obp57d|Dnaaf5|Ir31a|dpr2,-0.27,canonical300nt_netgain_500
GO Biological Processes,19,GO:0030030,cell projection organization,19_GO:0009987 cellular process,-2.8,1.6,3.3,9767,595,403,40,9.9,1.5,31425|32162|32229|33217|33230|33627|33830|34166|35066|35349|35922|37272|37822|37977|38748|39524|39958|40143|40940|41087|41118|41136|41168|41772|42358|42446|42921|43766|43767|43799|43819|43832|43991|45233|45343|261629|318680|326116|2768716|5740414,Ptp4E|fw|pira|BBS8|rempA|ft|psd|fy|Oli|Oseg5|Vang|Toll-7|Sox14|CG16896|velo|Liprin-beta|Nedd4|wnd|dsx|Rel|FER|RhoL|Scm|put|Ire1|Pi3K92E|DZIP1|PlexB|ci|Ephrin|pho|PlexA|Pten|capt|pk|Unc-115a|Dnaaf5|tau|mim|Snoo,-0.26,canonical300nt_netgain_500
GO Biological Processes,19,GO:0060179,male mating behavior,19_GO:0022414 reproductive process,-2.8,3.3,3.8,9767,67,403,9,2.2,0.74,31228|32999|33962|37844|40940|41182|43305|43669|43838,tko|amn|Nlg2|ppk29|dsx|FoxP|Gr98a|5-HT7|mGluR,-0.24,canonical300nt_netgain_500
GO Biological Processes,19,GO:0050807,regulation of synapse organization,19_GO:0050789 regulation of biological process,-2.8,2.4,3.5,9767,154,403,15,3.7,0.94,31362|33529|33962|36526|38218|39293|39524|39958|40143|40582|41772|42446|42447|43197|43804,Tip60|Mad|Nlg2|stj|drpr|Mob2|Liprin-beta|Nedd4|wnd|spartin|put|Pi3K92E|Lrrk|plum|mav,-0.24,canonical300nt_netgain_500
GO Biological Processes,19,GO:0140546,defense response to symbiont,19_GO:0044419 biological process involved in interspecies interaction between organisms,-2.7,2.1,3.4,9767,203,403,18,4.5,1,34066|36990|37272|38050|38696|39063|39617|40249|40725|41087|41136|41645|43360|43799|43803|43991|3771920|7354475,r2d2|POSH|Toll-7|RhoGEF3|CG10469|PGRP-LC|DCX-EMAP|RhoBTB|dgrn|Rel|RhoL|CG8870|CG4815|Ephrin|Eph|Pten|PGRP-LD|CG42259,-0.24,canonical300nt_netgain_500
GO Biological Processes,19,GO:0006955,immune response,19_GO:0002376 immune system process,-2.7,2.1,3.4,9767,221,403,19,4.7,1.1,36990|37272|38050|38696|39063|39617|40245|40249|40725|41087|41136|41645|43360|43767|43799|43803|43991|3771920|7354475,POSH|Toll-7|RhoGEF3|CG10469|PGRP-LC|DCX-EMAP|Toll-9|RhoBTB|dgrn|Rel|RhoL|CG8870|CG4815|ci|Ephrin|Eph|Pten|PGRP-LD|CG42259,-0.24,canonical300nt_netgain_500
GO Biological Processes,19,GO:0042059,negative regulation of epidermal growth factor receptor signaling pathway,19_GO:0048519 negative regulation of biological process,-2.7,4.4,4.1,9767,33,403,6,1.5,0.6,31425|32547|34688|43991|2768944|3885637,Ptp4E|tay|kek1|Pten|rho-5|Egfrap,-0.24,canonical300nt_netgain_500
GO Biological Processes,19,GO:1901185,negative regulation of ERBB signaling pathway,19_GO:0048519 negative regulation of biological process,-2.7,4.4,4.1,9767,33,403,6,1.5,0.6,31425|32547|34688|43991|2768944|3885637,Ptp4E|tay|kek1|Pten|rho-5|Egfrap,-0.24,canonical300nt_netgain_500
GO Biological Processes,19,GO:0048065,"male courtship behavior, veined wing extension",19_GO:0022414 reproductive process,-2.7,6.9,4.6,9767,14,403,4,0.99,0.49,33962|40940|41182|43669,Nlg2|dsx|FoxP|5-HT7,-0.24,canonical300nt_netgain_500
GO Biological Processes,19,GO:0016545,"male courtship behavior, veined wing vibration",19_GO:0022414 reproductive process,-2.7,6.9,4.6,9767,14,403,4,0.99,0.49,33962|40940|41182|43669,Nlg2|dsx|FoxP|5-HT7,-0.24,canonical300nt_netgain_500
GO Biological Processes,19,GO:0050773,regulation of dendrite development,19_GO:0032502 developmental process,-2.6,3.8,3.9,9767,45,403,7,1.7,0.65,30971|36526|39958|42446|42447|43804|43991,G9a|stj|Nedd4|Pi3K92E|Lrrk|mav|Pten,-0.23,canonical300nt_netgain_500
GO Biological Processes,19,GO:0006582,melanin metabolic process,19_GO:0009987 cellular process,-2.6,3.8,3.9,9767,45,403,7,1.7,0.65,38050|39617|40249|41136|43799|43803|43991,RhoGEF3|DCX-EMAP|RhoBTB|RhoL|Ephrin|Eph|Pten,-0.23,canonical300nt_netgain_500
GO Biological Processes,19,GO:0007619,courtship behavior,19_GO:0022414 reproductive process,-2.6,3.1,3.6,9767,71,403,9,2.2,0.74,31228|32999|33962|37844|40940|41182|43305|43669|43838,tko|amn|Nlg2|ppk29|dsx|FoxP|Gr98a|5-HT7|mGluR,-0.23,canonical300nt_netgain_500
GO Biological Processes,19,GO:0045892,negative regulation of DNA-templated transcription,19_GO:0048519 negative regulation of biological process,-2.6,1.9,3.2,9767,277,403,22,5.5,1.1,30971|31181|33441|33529|33657|36431|37822|39419|39567|40046|40345|40832|40879|40940|41168|42445|43767|43769|43819|43835|44811|45339,G9a|ph-p|insv|Mad|Paris|Psc|Sox14|eyg|Sox21a|CG14073|Eip78C|Dfd|rn|dsx|Scm|H|ci|pan|pho|fuss|E(bx)|net,-0.23,canonical300nt_netgain_500
GO Biological Processes,19,GO:1902679,negative regulation of RNA biosynthetic process,19_GO:0048519 negative regulation of biological process,-2.6,1.9,3.2,9767,277,403,22,5.5,1.1,30971|31181|33441|33529|33657|36431|37822|39419|39567|40046|40345|40832|40879|40940|41168|42445|43767|43769|43819|43835|44811|45339,G9a|ph-p|insv|Mad|Paris|Psc|Sox14|eyg|Sox21a|CG14073|Eip78C|Dfd|rn|dsx|Scm|H|ci|pan|pho|fuss|E(bx)|net,-0.23,canonical300nt_netgain_500
Reactome Gene Sets,6,R-DME-3899300,SUMOylation of transcription cofactors,,-2.6,6.5,4.4,9767,15,403,4,0.99,0.49,31181|36431|41168|43559,ph-p|Psc|Scm|Nph,-0.2,canonical300nt_netgain_500
GO Biological Processes,19,GO:0048699,generation of neurons,19_GO:0032502 developmental process,-2.6,1.5,3,9767,715,403,45,11,1.6,31181|31425|32162|32229|33162|33529|33627|34011|35066|35759|35922|37272|37822|38067|38218|38748|39293|39524|39567|39958|40143|40940|41087|41118|41136|41168|41772|42358|42446|42672|43197|43766|43767|43799|43811|43819|43826|43832|43991|45233|45343|261629|318000|326116|5740414,ph-p|Ptp4E|fw|pira|galectin|Mad|ft|Wnt10|Oli|CSN4|Vang|Toll-7|Sox14|klar|drpr|velo|Mob2|Liprin-beta|Sox21a|Nedd4|wnd|dsx|Rel|FER|RhoL|Scm|put|Ire1|Pi3K92E|loco|plum|PlexB|ci|Ephrin|myo|pho|Actbeta|PlexA|Pten|capt|pk|Unc-115a|CG32373|tau|Snoo,-0.2,canonical300nt_netgain_500
GO Biological Processes,19,GO:0036211,protein modification process,19_GO:0009987 cellular process,-2.5,1.5,3,9767,717,403,45,11,1.6,31154|31425|31519|31553|31589|32229|32532|33455|34187|34215|34348|35178|35571|35759|36279|36302|36850|36990|37375|37950|38164|38182|38443|38748|39958|40143|40565|40725|40872|41118|41772|41935|42162|42358|42447|43008|43792|43803|43991|47729|317885|318246|3355171|3885567|5740715,Edem1|Ptp4E|Usp30|Efr|dx|pira|sordd1|Tmtc1|Uba4|C1GalTA|CG4839|Phlpp|CG17266|CSN4|GalT1|bsd|CG4945|POSH|CG15651|SiaT|FucTD|Pex10|ntc|velo|Nedd4|wnd|Lipt2|dgrn|CG1227|FER|put|Fbxl7|sr|Ire1|Lrrk|shams|CaMKI|Eph|Pten|TTLL4A|CG32152|Rnf11|FucTC|Dyrk3|Ufm1,-0.2,canonical300nt_netgain_500
GO Biological Processes,19,GO:0042058,regulation of epidermal growth factor receptor signaling pathway,19_GO:0050896 response to stimulus,-2.5,3.5,3.7,9767,48,403,7,1.7,0.65,31425|32547|34688|40831|43991|2768944|3885637,Ptp4E|tay|kek1|Ama|Pten|rho-5|Egfrap,-0.2,canonical300nt_netgain_500
GO Biological Processes,19,GO:0007218,neuropeptide signaling pathway,19_GO:0050896 response to stimulus,-2.5,3.5,3.7,9767,48,403,7,1.7,0.65,31234|32999|39127|39409|40754|41286|43393,Pdfr|amn|CNMaR|CrzR|NPFR|TkR86C|AstA-R2,-0.2,canonical300nt_netgain_500
GO Biological Processes,19,GO:1901184,regulation of ERBB signaling pathway,19_GO:0050896 response to stimulus,-2.5,3.5,3.7,9767,48,403,7,1.7,0.65,31425|32547|34688|40831|43991|2768944|3885637,Ptp4E|tay|kek1|Ama|Pten|rho-5|Egfrap,-0.2,canonical300nt_netgain_500
GO Biological Processes,19,GO:0021954,central nervous system neuron development,19_GO:0032502 developmental process,-2.5,9.1,4.7,9767,8,403,3,0.74,0.43,31181|32229|38748,ph-p|pira|velo,-0.2,canonical300nt_netgain_500
GO Biological Processes,19,GO:0006964,positive regulation of biosynthetic process of antibacterial peptides active against Gram-negative bacteria,19_GO:0002376 immune system process,-2.5,9.1,4.7,9767,8,403,3,0.74,0.43,38748|39063|41087,velo|PGRP-LC|Rel,-0.2,canonical300nt_netgain_500
GO Biological Processes,19,GO:0021953,central nervous system neuron differentiation,19_GO:0032502 developmental process,-2.5,9.1,4.7,9767,8,403,3,0.74,0.43,31181|32229|38748,ph-p|pira|velo,-0.2,canonical300nt_netgain_500
GO Biological Processes,19,GO:0060390,regulation of SMAD protein signal transduction,19_GO:0050896 response to stimulus,-2.5,9.1,4.7,9767,8,403,3,0.74,0.43,41772|43811|5740414,put|myo|Snoo,-0.2,canonical300nt_netgain_500
GO Biological Processes,19,GO:0007417,central nervous system development,19_GO:0032502 developmental process,-2.5,1.9,3.1,9767,267,403,21,5.2,1.1,31181|31425|32229|33529|34215|36431|37822|38748|39419|39567|39592|41168|42162|42672|43799|43803|43811|43825|43826|43833|44851,ph-p|Ptp4E|pira|Mad|C1GalTA|Psc|Sox14|velo|eyg|Sox21a|shd|Scm|sr|loco|Ephrin|Eph|myo|sv|Actbeta|toy|raw,-0.2,canonical300nt_netgain_500
GO Biological Processes,19,GO:0048666,neuron development,19_GO:0032502 developmental process,-2.5,1.6,3,9767,527,403,35,8.7,1.4,31181|31425|32229|33162|35066|35922|37272|37822|38067|38218|38748|39293|39524|39958|40143|40940|41087|41118|41136|41168|41772|42358|42446|43197|43766|43767|43799|43819|43832|43991|45233|261629|318000|326116|5740414,ph-p|Ptp4E|pira|galectin|Oli|Vang|Toll-7|Sox14|klar|drpr|velo|Mob2|Liprin-beta|Nedd4|wnd|dsx|Rel|FER|RhoL|Scm|put|Ire1|Pi3K92E|plum|PlexB|ci|Ephrin|pho|PlexA|Pten|capt|Unc-115a|CG32373|tau|Snoo,-0.2,canonical300nt_netgain_500
GO Biological Processes,19,GO:0007528,neuromuscular junction development,19_GO:0009987 cellular process,-2.4,2.9,3.4,9767,75,403,9,2.2,0.74,33962|34215|36526|37950|39524|39958|41911|42447|43838,Nlg2|C1GalTA|stj|SiaT|Liprin-beta|Nedd4|nsl1|Lrrk|mGluR,-0.2,canonical300nt_netgain_500
GO Biological Processes,19,GO:0035220,wing disc development,19_GO:0032502 developmental process,-2.4,1.8,3,9767,358,403,26,6.5,1.2,31004|31405|31589|32162|32547|33529|33627|34774|35922|38218|39419|39958|40046|41772|42445|43767|43769|43791|43795|43804|43811|43826|43835|45233|45339|45343,spdi|ctp|dx|fw|tay|Mad|ft|ics|Vang|drpr|eyg|Nedd4|CG14073|put|H|ci|pan|lgs|zfh2|mav|myo|Actbeta|fuss|capt|net|pk,-0.2,canonical300nt_netgain_500
GO Biological Processes,19,GO:0007447,imaginal disc pattern formation,19_GO:0032502 developmental process,-2.4,2.6,3.3,9767,104,403,11,2.7,0.81,33529|33627|33769|38218|40046|41772|41935|42445|43767|43791|45233,Mad|ft|H15|drpr|CG14073|put|Fbxl7|H|ci|lgs|capt,-0.2,canonical300nt_netgain_500
GO Biological Processes,19,GO:0010720,positive regulation of cell development,19_GO:0048518 positive regulation of biological process,-2.4,2.9,3.4,9767,76,403,9,2.2,0.74,30971|31405|35922|37822|40831|42446|43766|43826|45343,G9a|ctp|Vang|Sox14|Ama|Pi3K92E|PlexB|Actbeta|pk,-0.19,canonical300nt_netgain_500
GO Biological Processes,19,GO:0001708,cell fate specification,19_GO:0032502 developmental process,-2.4,2.9,3.4,9767,76,403,9,2.2,0.74,33529|33769|36258|36674|39038|40879|41772|43811|43826,Mad|H15|ths|pcs|Doc2|rn|put|myo|Actbeta,-0.19,canonical300nt_netgain_500
GO Biological Processes,19,GO:0051253,negative regulation of RNA metabolic process,19_GO:0048519 negative regulation of biological process,-2.4,1.8,3,9767,289,403,22,5.5,1.1,30971|31181|33441|33529|33657|36431|37822|39419|39567|40046|40345|40832|40879|40940|41168|42445|43767|43769|43819|43835|44811|45339,G9a|ph-p|insv|Mad|Paris|Psc|Sox14|eyg|Sox21a|CG14073|Eip78C|Dfd|rn|dsx|Scm|H|ci|pan|pho|fuss|E(bx)|net,-0.17,canonical300nt_netgain_500
GO Biological Processes,19,GO:0048667,cell morphogenesis involved in neuron differentiation,19_GO:0032502 developmental process,-2.3,1.7,2.9,9767,364,403,26,6.5,1.2,31425|32229|35066|37272|37822|38748|39524|39958|40143|40940|41087|41118|41136|41168|41772|42358|42446|43766|43767|43799|43819|43832|45233|261629|326116|5740414,Ptp4E|pira|Oli|Toll-7|Sox14|velo|Liprin-beta|Nedd4|wnd|dsx|Rel|FER|RhoL|Scm|put|Ire1|Pi3K92E|PlexB|ci|Ephrin|pho|PlexA|capt|Unc-115a|tau|Snoo,-0.15,canonical300nt_netgain_500
GO Biological Processes,19,GO:0045934,negative regulation of nucleobase-containing compound metabolic process,19_GO:0048519 negative regulation of biological process,-2.3,1.8,3,9767,310,403,23,5.7,1.2,30971|31181|33441|33529|33657|34495|36431|37822|39419|39567|40046|40345|40832|40879|40940|41168|42445|43767|43769|43819|43835|44811|45339,G9a|ph-p|insv|Mad|Paris|Nos|Psc|Sox14|eyg|Sox21a|CG14073|Eip78C|Dfd|rn|dsx|Scm|H|ci|pan|pho|fuss|E(bx)|net,-0.15,canonical300nt_netgain_500
GO Biological Processes,19,GO:0048812,neuron projection morphogenesis,19_GO:0032502 developmental process,-2.3,1.7,2.9,9767,366,403,26,6.5,1.2,31425|32229|35066|37272|37822|38748|39524|39958|40143|40940|41087|41118|41136|41168|41772|42358|42446|43766|43767|43799|43819|43832|45233|261629|326116|5740414,Ptp4E|pira|Oli|Toll-7|Sox14|velo|Liprin-beta|Nedd4|wnd|dsx|Rel|FER|RhoL|Scm|put|Ire1|Pi3K92E|PlexB|ci|Ephrin|pho|PlexA|capt|Unc-115a|tau|Snoo,-0.15,canonical300nt_netgain_500
GO Biological Processes,19,GO:0032924,activin receptor signaling pathway,19_GO:0050896 response to stimulus,-2.3,8.1,4.4,9767,9,403,3,0.74,0.43,41772|43811|43826,put|myo|Actbeta,-0.15,canonical300nt_netgain_500
GO Biological Processes,19,GO:0044719,regulation of imaginal disc-derived wing size,19_GO:0032502 developmental process,-2.3,8.1,4.4,9767,9,403,3,0.74,0.43,43804|43811|43826,mav|myo|Actbeta,-0.15,canonical300nt_netgain_500
Reactome Gene Sets,6,R-DME-1502540,Signaling by Activin,,-2.3,8.1,4.4,9767,9,403,3,0.74,0.43,41772|43804|43826,put|mav|Actbeta,-0.15,canonical300nt_netgain_500
GO Biological Processes,19,GO:0045746,negative regulation of Notch signaling pathway,19_GO:0048519 negative regulation of biological process,-2.3,3.7,3.5,9767,39,403,6,1.5,0.6,31589|33441|39958|42445|43008|43724,dx|insv|Nedd4|H|shams|CycG,-0.15,canonical300nt_netgain_500
Reactome Gene Sets,6,R-DME-9006936,Signaling by TGFB family members,,-2.3,3,3.3,9767,65,403,8,2,0.69,33529|35237|35408|39958|41772|43804|43826|5740414,Mad|cyst|nrv3|Nedd4|put|mav|Actbeta|Snoo,-0.15,canonical300nt_netgain_500
GO Biological Processes,19,GO:0051129,negative regulation of cellular component organization,19_GO:0048519 negative regulation of biological process,-2.3,2.3,3.1,9767,140,403,13,3.2,0.88,31175|31834|33657|33861|36526|36668|39293|40582|42447|43197|43991|2768716|3885565,Rtca|HP1b|Paris|Kr-h1|stj|Kank|Mob2|spartin|Lrrk|plum|Pten|mim|PIP4K,-0.15,canonical300nt_netgain_500
GO Biological Processes,19,GO:0120039,plasma membrane bounded cell projection morphogenesis,19_GO:0032502 developmental process,-2.3,1.7,2.9,9767,368,403,26,6.5,1.2,31425|32229|35066|37272|37822|38748|39524|39958|40143|40940|41087|41118|41136|41168|41772|42358|42446|43766|43767|43799|43819|43832|45233|261629|326116|5740414,Ptp4E|pira|Oli|Toll-7|Sox14|velo|Liprin-beta|Nedd4|wnd|dsx|Rel|FER|RhoL|Scm|put|Ire1|Pi3K92E|PlexB|ci|Ephrin|pho|PlexA|capt|Unc-115a|tau|Snoo,-0.15,canonical300nt_netgain_500
GO Biological Processes,19,GO:0045597,positive regulation of cell differentiation,19_GO:0048518 positive regulation of biological process,-2.3,2.4,3.1,9767,109,403,11,2.7,0.81,30971|31405|33441|35922|37822|40831|42446|43766|43767|43826|45343,G9a|ctp|insv|Vang|Sox14|Ama|Pi3K92E|PlexB|ci|Actbeta|pk,-0.15,canonical300nt_netgain_500
Reactome Gene Sets,6,R-DME-8953750,Transcriptional Regulation by E2F6,,-2.3,5.4,3.9,9767,18,403,4,0.99,0.49,30971|31181|31834|36431,G9a|ph-p|HP1b|Psc,-0.14,canonical300nt_netgain_500
GO Biological Processes,19,GO:0048858,cell projection morphogenesis,19_GO:0032502 developmental process,-2.3,1.7,2.9,9767,370,403,26,6.5,1.2,31425|32229|35066|37272|37822|38748|39524|39958|40143|40940|41087|41118|41136|41168|41772|42358|42446|43766|43767|43799|43819|43832|45233|261629|326116|5740414,Ptp4E|pira|Oli|Toll-7|Sox14|velo|Liprin-beta|Nedd4|wnd|dsx|Rel|FER|RhoL|Scm|put|Ire1|Pi3K92E|PlexB|ci|Ephrin|pho|PlexA|capt|Unc-115a|tau|Snoo,-0.14,canonical300nt_netgain_500
GO Biological Processes,19,GO:0051093,negative regulation of developmental process,19_GO:0048519 negative regulation of biological process,-2.2,2,3,9767,192,403,16,4,0.97,31175|33529|33627|33657|33861|34215|36526|39293|39567|40582|41772|41935|42358|42447|43197|43991,Rtca|Mad|ft|Paris|Kr-h1|C1GalTA|stj|Mob2|Sox21a|spartin|put|Fbxl7|Ire1|Lrrk|plum|Pten,-0.12,canonical300nt_netgain_500
GO Biological Processes,19,GO:0040008,regulation of growth,19_GO:0040007 growth,-2.2,1.8,2.9,9767,298,403,22,5.5,1.1,33529|33627|34495|35922|36526|38218|39293|40143|40510|40582|40633|41168|41935|42358|42446|43197|43724|43826|43991|45343|47873|3885565,Mad|ft|Nos|Vang|stj|drpr|Mob2|wnd|slif|spartin|Hph|Scm|Fbxl7|Ire1|Pi3K92E|plum|CycG|Actbeta|Pten|pk|bgcn|PIP4K,-0.12,canonical300nt_netgain_500
GO Biological Processes,19,GO:0007552,metamorphosis,19_GO:0032502 developmental process,-2.2,1.6,2.8,9767,431,403,29,7.2,1.3,31004|31405|32162|32547|33529|33627|33861|34774|35922|37822|39038|39958|40879|40998|41772|42445|42446|42687|43174|43769|43791|43795|43804|43811|43826|43835|43991|45339|45343,spdi|ctp|fw|tay|Mad|ft|Kr-h1|ics|Vang|Sox14|Doc2|Nedd4|rn|Atg13|put|H|Pi3K92E|wge|dysf|pan|lgs|zfh2|mav|myo|Actbeta|fuss|Pten|net|pk,-0.11,canonical300nt_netgain_500
GO Biological Processes,19,GO:0031175,neuron projection development,19_GO:0032502 developmental process,-2.2,1.7,2.8,9767,393,403,27,6.7,1.2,31425|32229|35066|37272|37822|38748|39524|39958|40143|40940|41087|41118|41136|41168|41772|42358|42446|43766|43767|43799|43819|43832|43991|45233|261629|326116|5740414,Ptp4E|pira|Oli|Toll-7|Sox14|velo|Liprin-beta|Nedd4|wnd|dsx|Rel|FER|RhoL|Scm|put|Ire1|Pi3K92E|PlexB|ci|Ephrin|pho|PlexA|Pten|capt|Unc-115a|tau|Snoo,-0.11,canonical300nt_netgain_500
GO Biological Processes,19,GO:0060627,regulation of vesicle-mediated transport,19_GO:0051179 localization,-2.2,2.3,3,9767,128,403,12,3,0.85,31589|35026|38218|38337|39958|40582|41087|41911|42447|49968|2768716|3885565,dx|tweek|drpr|Fife|Nedd4|spartin|Rel|nsl1|Lrrk|Cadps|mim|PIP4K,-0.11,canonical300nt_netgain_500
GO Biological Processes,19,GO:0060966,regulation of gene silencing by regulatory ncRNA,19_GO:0048519 negative regulation of biological process,-2.2,7.3,4.1,9767,10,403,3,0.74,0.43,34066|36922|50356,r2d2|Mov10|Dora,-0.11,canonical300nt_netgain_500
Reactome Gene Sets,6,R-DME-4570464,SUMOylation of RNA binding proteins,,-2.2,7.3,4.1,9767,10,403,3,0.74,0.43,31181|36431|41168,ph-p|Psc|Scm,-0.11,canonical300nt_netgain_500
GO Biological Processes,19,GO:0030713,follicle cell of egg chamber stalk formation,19_GO:0022414 reproductive process,-2.2,7.3,4.1,9767,10,403,3,0.74,0.43,31181|34066|41168,ph-p|r2d2|Scm,-0.11,canonical300nt_netgain_500
GO Biological Processes,19,GO:0035212,cell competition in a multicellular organism,19_GO:0040007 growth,-2.2,5.1,3.7,9767,19,403,4,0.99,0.49,38218|42446|43991|47873,drpr|Pi3K92E|Pten|bgcn,-0.11,canonical300nt_netgain_500
GO Biological Processes,19,GO:0045464,R8 cell fate specification,19_GO:0032502 developmental process,-2.2,5.1,3.7,9767,19,403,4,0.99,0.49,33529|41772|43811|43826,Mad|put|myo|Actbeta,-0.11,canonical300nt_netgain_500
GO Biological Processes,19,GO:0051962,positive regulation of nervous system development,19_GO:0048518 positive regulation of biological process,-2.2,2.5,3,9767,98,403,10,2.5,0.77,30971|33529|35922|39958|40143|40831|42446|43766|43826|45343,G9a|Mad|Vang|Nedd4|wnd|Ama|Pi3K92E|PlexB|Actbeta|pk,-0.1,canonical300nt_netgain_500
GO Biological Processes,19,GO:0007186,G protein-coupled receptor signaling pathway,19_GO:0050896 response to stimulus,-2.1,2,2.9,9767,196,403,16,4,0.97,31234|32999|33812|35832|35846|36385|39127|39409|40575|40754|41286|42672|43393|43669|43838|3885573,Pdfr|amn|TrissinR|mtt|Cirl|CG17760|CNMaR|CrzR|5-HT2A|NPFR|TkR86C|loco|AstA-R2|5-HT7|mGluR|Octbeta3R,-0.1,canonical300nt_netgain_500
GO Biological Processes,19,GO:0120035,regulation of plasma membrane bounded cell projection organization,19_GO:0050789 regulation of biological process,-2.1,2.2,2.9,9767,146,403,13,3.2,0.88,30971|31175|33861|34215|35922|36526|39958|42446|42447|43766|43804|43991|45343,G9a|Rtca|Kr-h1|C1GalTA|Vang|stj|Nedd4|Pi3K92E|Lrrk|PlexB|mav|Pten|pk,-0.096,canonical300nt_netgain_500
GO Biological Processes,19,GO:0051707,response to other organism,19_GO:0044419 biological process involved in interspecies interaction between organisms,-2.1,1.7,2.7,9767,379,403,26,6.5,1.2,30971|33229|34066|34495|36024|36990|37272|38050|38218|38696|39063|39617|40249|40510|40725|41087|41136|41419|41645|42672|43360|43799|43803|43991|3771920|7354475,G9a|Ets21C|r2d2|Nos|CG12744|POSH|Toll-7|RhoGEF3|drpr|CG10469|PGRP-LC|DCX-EMAP|RhoBTB|slif|dgrn|Rel|RhoL|CG14722|CG8870|loco|CG4815|Ephrin|Eph|Pten|PGRP-LD|CG42259,-0.095,canonical300nt_netgain_500
GO Biological Processes,19,GO:0043207,response to external biotic stimulus,19_GO:0050896 response to stimulus,-2.1,1.7,2.7,9767,379,403,26,6.5,1.2,30971|33229|34066|34495|36024|36990|37272|38050|38218|38696|39063|39617|40249|40510|40725|41087|41136|41419|41645|42672|43360|43799|43803|43991|3771920|7354475,G9a|Ets21C|r2d2|Nos|CG12744|POSH|Toll-7|RhoGEF3|drpr|CG10469|PGRP-LC|DCX-EMAP|RhoBTB|slif|dgrn|Rel|RhoL|CG14722|CG8870|loco|CG4815|Ephrin|Eph|Pten|PGRP-LD|CG42259,-0.095,canonical300nt_netgain_500
GO Biological Processes,19,GO:0007472,wing disc morphogenesis,19_GO:0032502 developmental process,-2.1,1.8,2.8,9767,268,403,20,5,1.1,31004|31405|32162|32547|33529|33627|34774|35922|39958|41772|42445|43769|43791|43795|43804|43811|43826|43835|45339|45343,spdi|ctp|fw|tay|Mad|ft|ics|Vang|Nedd4|put|H|pan|lgs|zfh2|mav|myo|Actbeta|fuss|net|pk,-0.095,canonical300nt_netgain_500
GO Biological Processes,19,GO:0010648,negative regulation of cell communication,19_GO:0048519 negative regulation of biological process,-2.1,1.6,2.7,9767,399,403,27,6.7,1.2,31425|31589|32547|33441|33962|34032|34573|34688|34774|36990|37785|39958|39984|40582|41087|42445|43008|43724|43767|43835|43991|44811|44851|2768944|3885565|3885637|5740414,Ptp4E|dx|tay|insv|Nlg2|RapGAP1|Dlg5|kek1|ics|POSH|ken|Nedd4|Grd|spartin|Rel|H|shams|CycG|ci|fuss|Pten|E(bx)|raw|rho-5|PIP4K|Egfrap|Snoo,-0.093,canonical300nt_netgain_500
GO Biological Processes,19,GO:0009607,response to biotic stimulus,19_GO:0050896 response to stimulus,-2.1,1.7,2.7,9767,380,403,26,6.5,1.2,30971|33229|34066|34495|36024|36990|37272|38050|38218|38696|39063|39617|40249|40510|40725|41087|41136|41419|41645|42672|43360|43799|43803|43991|3771920|7354475,G9a|Ets21C|r2d2|Nos|CG12744|POSH|Toll-7|RhoGEF3|drpr|CG10469|PGRP-LC|DCX-EMAP|RhoBTB|slif|dgrn|Rel|RhoL|CG14722|CG8870|loco|CG4815|Ephrin|Eph|Pten|PGRP-LD|CG42259,-0.093,canonical300nt_netgain_500
GO Biological Processes,19,GO:0045913,positive regulation of carbohydrate metabolic process,19_GO:0048518 positive regulation of biological process,-2.1,4.8,3.6,9767,20,403,4,0.99,0.49,33397|41772|42515|43826,Uch|put|SNF4Agamma|Actbeta,-0.093,canonical300nt_netgain_500
GO Biological Processes,19,GO:0035114,imaginal disc-derived appendage morphogenesis,19_GO:0032502 developmental process,-2.1,1.7,2.7,9767,307,403,22,5.5,1.1,31405|32162|32547|33529|33627|34774|35922|39419|39958|40879|41772|42445|43174|43769|43791|43795|43804|43811|43826|43835|45339|45343,ctp|fw|tay|Mad|ft|ics|Vang|eyg|Nedd4|rn|put|H|dysf|pan|lgs|zfh2|mav|myo|Actbeta|fuss|net|pk,-0.093,canonical300nt_netgain_500
GO Biological Processes,19,GO:2000026,regulation of multicellular organismal development,19_GO:0032502 developmental process,-2.1,1.8,2.7,9767,253,403,19,4.7,1.1,30971|33529|35922|36526|39293|39958|40143|40582|40725|40831|41118|42446|42447|43197|43766|43767|43826|43991|45343,G9a|Mad|Vang|stj|Mob2|Nedd4|wnd|spartin|dgrn|Ama|FER|Pi3K92E|Lrrk|plum|PlexB|ci|Actbeta|Pten|pk,-0.093,canonical300nt_netgain_500
GO Biological Processes,19,GO:0002376,immune system process,19_GO:0002376 immune system process,-2.1,1.7,2.7,9767,308,403,22,5.5,1.1,31957|36258|36990|37272|38050|38696|39063|39617|40245|40249|40725|41087|41136|41645|42446|43360|43767|43799|43803|43991|3771920|7354475,alpha-Man-Ia|ths|POSH|Toll-7|RhoGEF3|CG10469|PGRP-LC|DCX-EMAP|Toll-9|RhoBTB|dgrn|Rel|RhoL|CG8870|Pi3K92E|CG4815|ci|Ephrin|Eph|Pten|PGRP-LD|CG42259,-0.093,canonical300nt_netgain_500
GO Biological Processes,19,GO:0018958,phenol-containing compound metabolic process,19_GO:0009987 cellular process,-2.1,3,3.1,9767,57,403,7,1.7,0.65,38050|39617|40249|41136|43799|43803|43991,RhoGEF3|DCX-EMAP|RhoBTB|RhoL|Ephrin|Eph|Pten,-0.093,canonical300nt_netgain_500
GO Biological Processes,19,GO:0009888,tissue development,19_GO:0032502 developmental process,-2.1,1.5,2.6,9767,579,403,36,8.9,1.4,31181|31425|32162|33529|33611|33627|33769|33830|34066|34573|35759|35922|36258|36674|36850|36990|39038|39592|40297|40633|41118|41136|41168|41772|42162|42446|42672|43174|43724|43769|43991|44851|45343|326116|2768716|19835749,ph-p|Ptp4E|fw|Mad|capu|ft|H15|psd|r2d2|Dlg5|CSN4|Vang|ths|pcs|CG4945|POSH|Doc2|shd|Six4|Hph|FER|RhoL|Scm|put|sr|Pi3K92E|loco|dysf|CycG|pan|Pten|raw|pk|tau|mim|CG44245,-0.093,canonical300nt_netgain_500
GO Biological Processes,19,GO:0098542,defense response to other organism,19_GO:0044419 biological process involved in interspecies interaction between organisms,-2.1,1.7,2.7,9767,346,403,24,6,1.2,33229|34066|36024|36990|37272|38050|38218|38696|39063|39617|40249|40510|40725|41087|41136|41419|41645|42672|43360|43799|43803|43991|3771920|7354475,Ets21C|r2d2|CG12744|POSH|Toll-7|RhoGEF3|drpr|CG10469|PGRP-LC|DCX-EMAP|RhoBTB|slif|dgrn|Rel|RhoL|CG14722|CG8870|loco|CG4815|Ephrin|Eph|Pten|PGRP-LD|CG42259,-0.093,canonical300nt_netgain_500
GO Biological Processes,19,GO:0045595,regulation of cell differentiation,19_GO:0032502 developmental process,-2.1,1.8,2.7,9767,254,403,19,4.7,1.1,30971|31405|33441|33529|33861|34215|35922|37822|39567|39958|40831|42446|42447|43766|43767|43825|43826|43991|45343,G9a|ctp|insv|Mad|Kr-h1|C1GalTA|Vang|Sox14|Sox21a|Nedd4|Ama|Pi3K92E|Lrrk|PlexB|ci|sv|Actbeta|Pten|pk,-0.093,canonical300nt_netgain_500
GO Biological Processes,19,GO:0035107,appendage morphogenesis,19_GO:0032502 developmental process,-2,1.7,2.7,9767,309,403,22,5.5,1.1,31405|32162|32547|33529|33627|34774|35922|39419|39958|40879|41772|42445|43174|43769|43791|43795|43804|43811|43826|43835|45339|45343,ctp|fw|tay|Mad|ft|ics|Vang|eyg|Nedd4|rn|put|H|dysf|pan|lgs|zfh2|mav|myo|Actbeta|fuss|net|pk,-0.093,canonical300nt_netgain_500
GO Biological Processes,19,GO:0071772,response to BMP,19_GO:0050896 response to stimulus,-2,6.6,3.9,9767,11,403,3,0.74,0.43,33529|41772|43804,Mad|put|mav,-0.093,canonical300nt_netgain_500
GO Biological Processes,19,GO:0010977,negative regulation of neuron projection development,19_GO:0048519 negative regulation of biological process,-2,6.6,3.9,9767,11,403,3,0.74,0.43,31175|33861|43991,Rtca|Kr-h1|Pten,-0.093,canonical300nt_netgain_500
GO Biological Processes,19,GO:0071773,cellular response to BMP stimulus,19_GO:0050896 response to stimulus,-2,6.6,3.9,9767,11,403,3,0.74,0.43,33529|41772|43804,Mad|put|mav,-0.093,canonical300nt_netgain_500
GO Biological Processes,19,GO:0030509,BMP signaling pathway,19_GO:0050896 response to stimulus,-2,6.6,3.9,9767,11,403,3,0.74,0.43,33529|41772|43804,Mad|put|mav,-0.093,canonical300nt_netgain_500
GO Biological Processes,19,GO:0031344,regulation of cell projection organization,19_GO:0050789 regulation of biological process,-2,2.1,2.8,9767,150,403,13,3.2,0.88,30971|31175|33861|34215|35922|36526|39958|42446|42447|43766|43804|43991|45343,G9a|Rtca|Kr-h1|C1GalTA|Vang|stj|Nedd4|Pi3K92E|Lrrk|PlexB|mav|Pten|pk,-0.093,canonical300nt_netgain_500
GO Biological Processes,19,GO:0022603,regulation of anatomical structure morphogenesis,19_GO:0032502 developmental process,-2,2,2.8,9767,167,403,14,3.5,0.91,30971|33627|33657|35922|39958|40249|41118|41136|42447|43766|43991|44851|45233|45343,G9a|ft|Paris|Vang|Nedd4|RhoBTB|FER|RhoL|Lrrk|PlexB|Pten|raw|capt|pk,-0.092,canonical300nt_netgain_500
GO Biological Processes,19,GO:0007476,imaginal disc-derived wing morphogenesis,19_GO:0032502 developmental process,-2,1.8,2.7,9767,255,403,19,4.7,1.1,31405|32162|32547|33529|33627|34774|35922|39958|41772|42445|43769|43791|43795|43804|43811|43826|43835|45339|45343,ctp|fw|tay|Mad|ft|ics|Vang|Nedd4|put|H|pan|lgs|zfh2|mav|myo|Actbeta|fuss|net|pk,-0.092,canonical300nt_netgain_500
GO Biological Processes,19,GO:0043704,photoreceptor cell fate specification,19_GO:0032502 developmental process,-2,4.6,3.4,9767,21,403,4,0.99,0.49,33529|41772|43811|43826,Mad|put|myo|Actbeta,-0.076,canonical300nt_netgain_500
GO Biological Processes,19,GO:0031345,negative regulation of cell projection organization,19_GO:0048519 negative regulation of biological process,-2,4.6,3.4,9767,21,403,4,0.99,0.49,31175|33861|42447|43991,Rtca|Kr-h1|Lrrk|Pten,-0.076,canonical300nt_netgain_500
