_MEMBER_canonical300nt_netgain_500,_LogP_canonical300nt_netgain_500,GO,Description,_PATTERN_,_RANK_,CHILD_GO_canonical300nt_netgain_500
1,-5.29454412715984,GO:0009987,cellular process,M1,1,GO:0050808 synapse organization
1,-3.976920583377083,GO:0002376,immune system process,M1,1,GO:0035010 encapsulation of foreign target
1,-3.456709737987741,GO:0050896,response to stimulus,M1,1,GO:0141091 transforming growth factor beta receptor superfamily signaling pathway
1,-3.370520641286638,GO:0032501,multicellular organismal process,M1,1,GO:0050877 nervous system process
1,-3.2615914487773385,GO:0065007,biological regulation,M1,1,GO:0050803 regulation of synapse structure or activity
1,-3.1408122161349867,GO:0022414,reproductive process,M1,1,GO:0008049 male courtship behavior
1,-3.114471308663806,GO:0032502,developmental process,M1,1,GO:0050793 regulation of developmental process
1,-2.926967133359431,GO:0051179,localization,M1,1,GO:0030100 regulation of endocytosis
1,-2.7659069452235783,GO:0050789,regulation of biological process,M1,1,GO:0050807 regulation of synapse organization
1,-2.7402556807617118,GO:0044419,biological process involved in interspecies interaction between organisms,M1,1,GO:0140546 defense response to symbiont
1,-2.6901138999944068,GO:0048519,negative regulation of biological process,M1,1,GO:0042059 negative regulation of epidermal growth factor receptor signaling pathway
1,-2.408500977523366,GO:0048518,positive regulation of biological process,M1,1,GO:0010720 positive regulation of cell development
1,-2.228215812608434,GO:0040007,growth,M1,1,GO:0040008 regulation of growth
