_MEMBER_canonical300nt_netgain_500,_LogP_canonical300nt_netgain_500,GO,Description,_PATTERN_,_RANK_,GiniIndex
1,-2,GO:0007476,imaginal disc-derived wing morphogenesis,M1,1,0
1,-2.2,GO:0060627,regulation of vesicle-mediated transport,M1,1,0
1,-2.1,GO:0045913,positive regulation of carbohydrate metabolic process,M1,1,0
1,-2,GO:0035107,appendage morphogenesis,M1,1,0
1,-2.3,GO:0045597,positive regulation of cell differentiation,M1,1,0
1,-2.7,GO:0042059,negative regulation of epidermal growth factor receptor signaling pathway,M1,1,0
1,-2.1,GO:0035114,imaginal disc-derived appendage morphogenesis,M1,1,0
1,-2.4,GO:0007528,neuromuscular junction development,M1,1,0
1,-2.1,GO:0009607,response to biotic stimulus,M1,1,0
1,-2.5,GO:0048666,neuron development,M1,1,0
1,-2.5,GO:0036211,protein modification process,M1,1,0
1,-2,GO:0022603,regulation of anatomical structure morphogenesis,M1,1,0
1,-2.2,GO:0035212,cell competition in a multicellular organism,M1,1,0
1,-3.3,GO:0050803,regulation of synapse structure or activity,M1,1,0
1,-3.2,GO:0007178,cell surface receptor protein serine/threonine kinase signaling pathway,M1,1,0
1,-2.5,GO:0042058,regulation of epidermal growth factor receptor signaling pathway,M1,1,0
1,-2.8,GO:0030030,cell projection organization,M1,1,0
1,-2.5,GO:0006964,positive regulation of biosynthetic process of antibacterial peptides active against Gram-negative bacteria,M1,1,0
1,-2.6,GO:0007619,courtship behavior,M1,1,0
1,-2.2,GO:0030713,follicle cell of egg chamber stalk formation,M1,1,0
1,-2,GO:0010977,negative regulation of neuron projection development,M1,1,0
1,-2.2,GO:0031175,neuron projection development,M1,1,0
1,-2.6,R-DME-3899300,SUMOylation of transcription cofactors,M1,1,0
1,-2.7,GO:0048065,"male courtship behavior, veined wing extension",M1,1,0
1,-2.7,GO:1901185,negative regulation of ERBB signaling pathway,M1,1,0
1,-2.1,GO:0098542,defense response to other organism,M1,1,0
1,-2,GO:0030509,BMP signaling pathway,M1,1,0
1,-2.4,GO:0007447,imaginal disc pattern formation,M1,1,0
1,-2.3,R-DME-8953750,Transcriptional Regulation by E2F6,M1,1,0
1,-2.2,GO:0060966,regulation of gene silencing by regulatory ncRNA,M1,1,0
1,-2.8,GO:0060179,male mating behavior,M1,1,0
1,-2,GO:0071772,response to BMP,M1,1,0
1,-2.1,GO:0002376,immune system process,M1,1,0
1,-3.9,R-DME-201451,Signaling by BMP,M1,1,0
1,-4.1,GO:0034330,cell junction organization,M1,1,0
1,-2.1,GO:0045595,regulation of cell differentiation,M1,1,0
1,-2.7,GO:0140546,defense response to symbiont,M1,1,0
1,-2.9,GO:0030100,regulation of endocytosis,M1,1,0
1,-3.1,GO:0008049,male courtship behavior,M1,1,0
1,-2.6,GO:0048699,generation of neurons,M1,1,0
1,-2.4,GO:0051253,negative regulation of RNA metabolic process,M1,1,0
1,-2.3,R-DME-9006936,Signaling by TGFB family members,M1,1,0
1,-2.3,GO:0048667,cell morphogenesis involved in neuron differentiation,M1,1,0
1,-2.9,GO:0035006,melanization defense response,M1,1,0
1,-2.4,GO:0001708,cell fate specification,M1,1,0
1,-2.6,GO:0006582,melanin metabolic process,M1,1,0
1,-4,GO:0002252,immune effector process,M1,1,0
1,-2.3,GO:0044719,regulation of imaginal disc-derived wing size,M1,1,0
1,-2.5,GO:0021953,central nervous system neuron differentiation,M1,1,0
1,-2,GO:0043704,photoreceptor cell fate specification,M1,1,0
1,-3.1,GO:0045087,innate immune response,M1,1,0
1,-2.9,GO:0007166,cell surface receptor signaling pathway,M1,1,0
1,-2.5,GO:1901184,regulation of ERBB signaling pathway,M1,1,0
1,-2.3,GO:0048812,neuron projection morphogenesis,M1,1,0
1,-2.1,GO:0120035,regulation of plasma membrane bounded cell projection organization,M1,1,0
1,-2.4,GO:0010720,positive regulation of cell development,M1,1,0
1,-2.1,GO:0007472,wing disc morphogenesis,M1,1,0
1,-2.2,GO:0051962,positive regulation of nervous system development,M1,1,0
1,-2.8,GO:0050807,regulation of synapse organization,M1,1,0
1,-3.5,GO:0141091,transforming growth factor beta receptor superfamily signaling pathway,M1,1,0
1,-2.5,GO:0007218,neuropeptide signaling pathway,M1,1,0
1,-2.9,GO:0000902,cell morphogenesis,M1,1,0
1,-2.9,GO:0007600,sensory perception,M1,1,0
1,-2,GO:0071773,cellular response to BMP stimulus,M1,1,0
1,-2.1,GO:0018958,phenol-containing compound metabolic process,M1,1,0
1,-2.1,GO:0043207,response to external biotic stimulus,M1,1,0
1,-2.2,GO:0051093,negative regulation of developmental process,M1,1,0
1,-2.6,GO:1902679,negative regulation of RNA biosynthetic process,M1,1,0
1,-2.6,GO:0045892,negative regulation of DNA-templated transcription,M1,1,0
1,-4,GO:0035011,melanotic encapsulation of foreign target,M1,1,0
1,-2.5,GO:0060390,regulation of SMAD protein signal transduction,M1,1,0
1,-3.1,GO:0050793,regulation of developmental process,M1,1,0
1,-3.4,GO:0050877,nervous system process,M1,1,0
1,-4,GO:0035010,encapsulation of foreign target,M1,1,0
1,-2.1,GO:0051707,response to other organism,M1,1,0
1,-5.3,GO:0050808,synapse organization,M1,1,0
1,-2.3,GO:0048858,cell projection morphogenesis,M1,1,0
1,-3.1,GO:0007444,imaginal disc development,M1,1,0
1,-2.3,GO:0051129,negative regulation of cellular component organization,M1,1,0
1,-2.7,GO:0006955,immune response,M1,1,0
1,-2,GO:0031345,negative regulation of cell projection organization,M1,1,0
1,-2.1,GO:2000026,regulation of multicellular organismal development,M1,1,0
1,-3,GO:0120036,plasma membrane bounded cell projection organization,M1,1,0
1,-2.5,GO:0007417,central nervous system development,M1,1,0
1,-2.3,GO:0045934,negative regulation of nucleobase-containing compound metabolic process,M1,1,0
1,-3,GO:0030182,neuron differentiation,M1,1,0
1,-3.2,GO:0003008,system process,M1,1,0
1,-2.5,GO:0021954,central nervous system neuron development,M1,1,0
1,-2.3,GO:0120039,plasma membrane bounded cell projection morphogenesis,M1,1,0
1,-2.2,R-DME-4570464,SUMOylation of RNA binding proteins,M1,1,0
1,-2.2,GO:0045464,R8 cell fate specification,M1,1,0
1,-2.7,GO:0016545,"male courtship behavior, veined wing vibration",M1,1,0
1,-2.6,GO:0050773,regulation of dendrite development,M1,1,0
1,-2,GO:0031344,regulation of cell projection organization,M1,1,0
1,-2.3,R-DME-1502540,Signaling by Activin,M1,1,0
1,-2.9,GO:0010975,regulation of neuron projection development,M1,1,0
1,-2.2,GO:0007552,metamorphosis,M1,1,0
1,-2.1,GO:0009888,tissue development,M1,1,0
1,-2.3,GO:0032924,activin receptor signaling pathway,M1,1,0
1,-2.3,GO:0045746,negative regulation of Notch signaling pathway,M1,1,0
1,-2.1,GO:0007186,G protein-coupled receptor signaling pathway,M1,1,0
1,-2.1,GO:0010648,negative regulation of cell communication,M1,1,0
1,-2.2,GO:0040008,regulation of growth,M1,1,0
1,-2.4,GO:0035220,wing disc development,M1,1,0
