Network,Annotation
all_gainloss_500,GO:0009887|animal organ morphogenesis|-21.8;GO:0009888|tissue development|-20.0;GO:0007444|imaginal disc development|-19.6
all_gainloss_500_MCODE_ALL,R-DME-383280|Nuclear Receptor transcription pathway|-10.9;GO:0007552|metamorphosis|-10.2;R-DME-8980692|RHOA GTPase cycle|-10.2
all_gainloss_500_SUB1_MCODE_1,GO:0009887|animal organ morphogenesis|-8.2;GO:0007444|imaginal disc development|-8.0;GO:0035220|wing disc development|-6.8
all_gainloss_500_SUB1_MCODE_2,R-DME-383280|Nuclear Receptor transcription pathway|-18.0;GO:0032870|cellular response to hormone stimulus|-11.5;GO:0009725|response to hormone|-11.2
all_gainloss_500_SUB1_MCODE_3,"R-DME-204998|Cell death signalling via NRAGE, NRIF and NADE|-16.3;R-DME-193648|NRAGE signals death through JNK|-16.3;R-DME-193704|p75 NTR receptor-mediated signalling|-15.3"
all_gainloss_500_SUB1_MCODE_4,R-DME-212676|Dopamine Neurotransmitter Release Cycle|-14.1;R-DME-112310|Neurotransmitter release cycle|-11.2;R-DME-112315|Transmission across Chemical Synapses|-9.0
all_gainloss_500_SUB1_MCODE_5,GO:0045332|phospholipid translocation|-11.7;GO:0034204|lipid translocation|-11.6;R-DME-936837|Ion transport by P-type ATPases|-11.6
all_gainloss_500_SUB1_MCODE_7,GO:0008582|regulation of synaptic assembly at neuromuscular junction|-5.8;GO:1904396|regulation of neuromuscular junction development|-5.8;GO:0051963|regulation of synapse assembly|-5.8
all_gainloss_500_SUB1_MCODE_8,R-DME-199418|Negative regulation of the PI3K/AKT network|-7.4;GO:0048542|lymph gland development|-6.6;GO:0048534|hematopoietic or lymphoid organ development|-6.6
all_gainloss_500_SUB2_MCODE_9,R-DME-561048|Organic anion transport|-7.8;R-DME-2161517|Abacavir transmembrane transport|-7.8;R-DME-549132|Organic cation/anion/zwitterion transport|-7.8
all_gainloss_500_SUB3_MCODE_10,R-DME-8877627|Vitamin E transport|-8.4;R-DME-6806667|Metabolism of fat-soluble vitamins|-7.6;R-DME-196854|Metabolism of vitamins and cofactors|-5.8
all_gainloss_500_SUB4_MCODE_11,GO:0042391|regulation of membrane potential|-6.6;GO:0098916|anterograde trans-synaptic signaling|-5.1;GO:0007268|chemical synaptic transmission|-5.1
