Cluster,Score,Type,Gene,Symbol,Network
2,3.7777777777777777,Clustered,34242,tai,all_gainloss_500_SUB1
2,3.7777777777777777,Clustered,39999,Eip75B,all_gainloss_500_SUB1
2,3.7777777777777777,Clustered,40045,ftz-f1,all_gainloss_500_SUB1
2,3.7777777777777777,Clustered,35540,EcR,all_gainloss_500_SUB1
2,3.7777777777777777,Clustered,31162,Hr4,all_gainloss_500_SUB1
2,3.7777777777777777,Clustered,36073,Hr3,all_gainloss_500_SUB1
2,3.7777777777777777,Clustered,32457,gce,all_gainloss_500_SUB1
2,3.7777777777777777,Seed,44544,Hnf4,all_gainloss_500_SUB1
2,3.7777777777777777,Clustered,32225,Smr,all_gainloss_500_SUB1
3,2.5,Clustered,40205,CG42674,all_gainloss_500_SUB1
3,2.5,Clustered,38879,pbl,all_gainloss_500_SUB1
3,2.5,Clustered,43892,sif,all_gainloss_500_SUB1
3,2.5,Seed,32729,CG43658,all_gainloss_500_SUB1
3,2.5,Clustered,37134,GEFmeso,all_gainloss_500_SUB1
3,2.5,Clustered,42137,CG43102,all_gainloss_500_SUB1
4,2.0,Clustered,31997,X11Lbeta,all_gainloss_500_SUB1
4,2.0,Seed,64877,cpx,all_gainloss_500_SUB1
4,2.0,Clustered,42150,Rim,all_gainloss_500_SUB1
4,2.0,Clustered,43841,unc-13,all_gainloss_500_SUB1
4,2.0,Clustered,42567,CASK,all_gainloss_500_SUB1
5,1.5,Clustered,34736,CG31729,all_gainloss_500_SUB1
5,1.5,Clustered,36488,ATP8A,all_gainloss_500_SUB1
5,1.5,Seed,32609,CG9981,all_gainloss_500_SUB1
5,1.5,Clustered,32610,CG4301,all_gainloss_500_SUB1
1,1.4736842105263157,Clustered,36118,psq,all_gainloss_500_SUB1
1,1.4736842105263157,Clustered,34530,Samuel,all_gainloss_500_SUB1
1,1.4736842105263157,Clustered,42550,E2f1,all_gainloss_500_SUB1
1,1.4736842105263157,Clustered,35555,jing,all_gainloss_500_SUB1
1,1.4736842105263157,Seed,31576,CG3842,all_gainloss_500_SUB1
1,1.4736842105263157,Clustered,35369,CG9265,all_gainloss_500_SUB1
1,1.4736842105263157,Clustered,34284,Pka-C1,all_gainloss_500_SUB1
1,1.4736842105263157,Clustered,3772082,kay,all_gainloss_500_SUB1
1,1.4736842105263157,Clustered,32536,sd,all_gainloss_500_SUB1
1,1.4736842105263157,Clustered,31221,Raf,all_gainloss_500_SUB1
1,1.4736842105263157,Clustered,35132,CG10348,all_gainloss_500_SUB1
1,1.4736842105263157,Clustered,43781,RhoGAP102A,all_gainloss_500_SUB1
1,1.4736842105263157,Clustered,43767,ci,all_gainloss_500_SUB1
1,1.4736842105263157,Clustered,32790,RhoGAP16F,all_gainloss_500_SUB1
1,1.4736842105263157,Clustered,43758,RhoGAP100F,all_gainloss_500_SUB1
1,1.4736842105263157,Clustered,34627,firl,all_gainloss_500_SUB1
1,1.4736842105263157,Clustered,37012,CG6424,all_gainloss_500_SUB1
1,1.4736842105263157,Clustered,44039,Pak,all_gainloss_500_SUB1
1,1.4736842105263157,Clustered,41602,CtBP,all_gainloss_500_SUB1
6,1.0,Clustered,2768889,CG33253,all_gainloss_500_SUB1
6,1.0,Clustered,35950,Pkn,all_gainloss_500_SUB1
6,1.0,Seed,33611,capu,all_gainloss_500_SUB1
7,1.0,Seed,42460,Syp,all_gainloss_500_SUB1
7,1.0,Clustered,37781,TBPH,all_gainloss_500_SUB1
7,1.0,Clustered,5740544,futsch,all_gainloss_500_SUB1
8,1.0,Clustered,34127,Pvr,all_gainloss_500_SUB1
8,1.0,Seed,42446,Pi3K92E,all_gainloss_500_SUB1
8,1.0,Clustered,43991,Pten,all_gainloss_500_SUB1
9,1.0,Seed,40590,CG44098,all_gainloss_500_SUB2
9,1.0,Clustered,42339,CG6231,all_gainloss_500_SUB2
9,1.0,Clustered,42606,CG7084,all_gainloss_500_SUB2
10,1.0,Clustered,35222,CG10237,all_gainloss_500_SUB3
10,1.0,Clustered,35226,CG10026,all_gainloss_500_SUB3
10,1.0,Seed,34023,CG5973,all_gainloss_500_SUB3
11,1.0,Clustered,32928,nAChRalpha7,all_gainloss_500_SUB4
11,1.0,Seed,31767,nAChRalpha3,all_gainloss_500_SUB4
11,1.0,Clustered,34826,nAChRalpha5,all_gainloss_500_SUB4
