_MEMBER_all_netgain_500,_LogP_all_netgain_500,GO,Description,_PATTERN_,_RANK_,CHILD_GO_all_netgain_500
1,-17.675285927440484,GO:0032502,developmental process,M1,1,GO:0009887 animal organ morphogenesis
1,-11.330450147568966,GO:0032501,multicellular organismal process,M1,1,GO:0051239 regulation of multicellular organismal process
1,-9.718888412472358,GO:0009987,cellular process,M1,1,GO:0016477 cell migration
1,-8.821822548835517,GO:0050896,response to stimulus,M1,1,GO:0071495 cellular response to endogenous stimulus
1,-8.7422491055234,GO:0048518,positive regulation of biological process,M1,1,GO:0010557 positive regulation of macromolecule biosynthetic process
1,-8.634787007024768,GO:0051179,localization,M1,1,GO:0051049 regulation of transport
1,-8.61497167506995,GO:0048519,negative regulation of biological process,M1,1,GO:0051253 negative regulation of RNA metabolic process
1,-7.767517012710759,GO:0042592,homeostatic process,M1,1,GO:0042592 homeostatic process
1,-7.310767375201772,GO:0040007,growth,M1,1,GO:0048589 developmental growth
1,-7.0247125467174785,GO:0065007,biological regulation,M1,1,GO:0090066 regulation of anatomical structure size
1,-6.289579637831222,GO:0050789,regulation of biological process,M1,1,GO:0051128 regulation of cellular component organization
1,-6.0551208672233345,GO:0048511,rhythmic process,M1,1,GO:0007623 circadian rhythm
1,-5.910449836965536,GO:0022414,reproductive process,M1,1,GO:0030707 follicle cell of egg chamber development
1,-5.035807293661263,GO:0040011,locomotion,M1,1,GO:0040012 regulation of locomotion
1,-4.110957025943946,GO:0002376,immune system process,M1,1,GO:0002520 immune system development
