Network,Annotation
all_netgain_500,GO:0007444|imaginal disc development|-21.8;GO:0009887|animal organ morphogenesis|-21.1;GO:0007552|metamorphosis|-17.9
all_netgain_500_MCODE_ALL,GO:0007444|imaginal disc development|-14.7;GO:0007552|metamorphosis|-12.8;GO:0009887|animal organ morphogenesis|-12.8
all_netgain_500_SUB1_MCODE_1,GO:0009790|embryo development|-9.4;GO:0009887|animal organ morphogenesis|-9.2;GO:0009888|tissue development|-9.1
all_netgain_500_SUB1_MCODE_2,"R-DME-212676|Dopamine Neurotransmitter Release Cycle|-11.7;R-DME-204998|Cell death signalling via NRAGE, NRIF and NADE|-11.2;R-DME-193648|NRAGE signals death through JNK|-11.2"
all_netgain_500_SUB1_MCODE_3,R-DME-383280|Nuclear Receptor transcription pathway|-18.0;GO:0032870|cellular response to hormone stimulus|-11.5;GO:0009725|response to hormone|-11.2
all_netgain_500_SUB1_MCODE_4,R-DME-3899300|SUMOylation of transcription cofactors|-7.0;GO:1902679|negative regulation of RNA biosynthetic process|-6.4;GO:0045892|negative regulation of DNA-templated transcription|-6.4
all_netgain_500_SUB1_MCODE_5,R-DME-8953854|Metabolism of RNA|-2.9;GO:0007610|behavior|-2.8;GO:0051128|regulation of cellular component organization|-2.3
all_netgain_500_SUB1_MCODE_6,GO:0045944|positive regulation of transcription by RNA polymerase II|-4.5;GO:1902680|positive regulation of RNA biosynthetic process|-4.2;GO:0045893|positive regulation of DNA-templated transcription|-4.2
all_netgain_500_SUB1_MCODE_7,GO:0050808|synapse organization|-5.2;GO:0034330|cell junction organization|-4.8
all_netgain_500_SUB2_MCODE_8,R-DME-561048|Organic anion transport|-7.8;R-DME-2161517|Abacavir transmembrane transport|-7.8;R-DME-549127|Organic cation transport|-7.8
all_netgain_500_SUB3_MCODE_9,R-DME-8877627|Vitamin E transport|-8.4;R-DME-6806667|Metabolism of fat-soluble vitamins|-7.6;R-DME-196854|Metabolism of vitamins and cofactors|-5.8
