Cluster,Score,Type,Gene,Symbol,Network
3,3.7777777777777777,Clustered,35540,EcR,all_netgain_500_SUB1
3,3.7777777777777777,Clustered,34242,tai,all_netgain_500_SUB1
3,3.7777777777777777,Clustered,36073,Hr3,all_netgain_500_SUB1
3,3.7777777777777777,Clustered,39999,Eip75B,all_netgain_500_SUB1
3,3.7777777777777777,Clustered,40045,ftz-f1,all_netgain_500_SUB1
3,3.7777777777777777,Seed,44544,Hnf4,all_netgain_500_SUB1
3,3.7777777777777777,Clustered,32457,gce,all_netgain_500_SUB1
3,3.7777777777777777,Clustered,32225,Smr,all_netgain_500_SUB1
3,3.7777777777777777,Clustered,31162,Hr4,all_netgain_500_SUB1
4,2.4285714285714284,Clustered,31181,ph-p,all_netgain_500_SUB1
4,2.4285714285714284,Clustered,34530,Samuel,all_netgain_500_SUB1
4,2.4285714285714284,Clustered,36431,Psc,all_netgain_500_SUB1
4,2.4285714285714284,Clustered,35555,jing,all_netgain_500_SUB1
4,2.4285714285714284,Clustered,41602,CtBP,all_netgain_500_SUB1
4,2.4285714285714284,Seed,35132,CG10348,all_netgain_500_SUB1
4,2.4285714285714284,Clustered,36118,psq,all_netgain_500_SUB1
2,2.1,Clustered,42567,CASK,all_netgain_500_SUB1
2,2.1,Clustered,40205,CG42674,all_netgain_500_SUB1
2,2.1,Seed,32729,CG43658,all_netgain_500_SUB1
2,2.1,Clustered,31997,X11Lbeta,all_netgain_500_SUB1
2,2.1,Clustered,43841,unc-13,all_netgain_500_SUB1
2,2.1,Clustered,64877,cpx,all_netgain_500_SUB1
2,2.1,Clustered,42150,Rim,all_netgain_500_SUB1
2,2.1,Clustered,43892,sif,all_netgain_500_SUB1
2,2.1,Clustered,37134,GEFmeso,all_netgain_500_SUB1
2,2.1,Clustered,42137,CG43102,all_netgain_500_SUB1
1,1.9047619047619047,Clustered,43991,Pten,all_netgain_500_SUB1
1,1.9047619047619047,Clustered,43804,mav,all_netgain_500_SUB1
1,1.9047619047619047,Clustered,33611,capu,all_netgain_500_SUB1
1,1.9047619047619047,Clustered,41062,pyd,all_netgain_500_SUB1
1,1.9047619047619047,Clustered,2768889,CG33253,all_netgain_500_SUB1
1,1.9047619047619047,Clustered,34627,firl,all_netgain_500_SUB1
1,1.9047619047619047,Clustered,43673,dco,all_netgain_500_SUB1
1,1.9047619047619047,Clustered,31221,Raf,all_netgain_500_SUB1
1,1.9047619047619047,Clustered,50296,dpr6,all_netgain_500_SUB1
1,1.9047619047619047,Clustered,31322,DIP-alpha,all_netgain_500_SUB1
1,1.9047619047619047,Clustered,3772082,kay,all_netgain_500_SUB1
1,1.9047619047619047,Clustered,33953,nrv2,all_netgain_500_SUB1
1,1.9047619047619047,Clustered,37012,CG6424,all_netgain_500_SUB1
1,1.9047619047619047,Clustered,43758,RhoGAP100F,all_netgain_500_SUB1
1,1.9047619047619047,Clustered,33432,dpp,all_netgain_500_SUB1
1,1.9047619047619047,Clustered,41094,pum,all_netgain_500_SUB1
1,1.9047619047619047,Clustered,326116,tau,all_netgain_500_SUB1
1,1.9047619047619047,Seed,31576,CG3842,all_netgain_500_SUB1
1,1.9047619047619047,Clustered,34127,Pvr,all_netgain_500_SUB1
1,1.9047619047619047,Clustered,33753,tkv,all_netgain_500_SUB1
1,1.9047619047619047,Clustered,32609,CG9981,all_netgain_500_SUB1
1,1.9047619047619047,Clustered,42446,Pi3K92E,all_netgain_500_SUB1
1,1.9047619047619047,Clustered,42672,loco,all_netgain_500_SUB1
1,1.9047619047619047,Clustered,31248,sgg,all_netgain_500_SUB1
1,1.9047619047619047,Clustered,32790,RhoGAP16F,all_netgain_500_SUB1
1,1.9047619047619047,Clustered,36488,ATP8A,all_netgain_500_SUB1
1,1.9047619047619047,Clustered,3772180,Sxl,all_netgain_500_SUB1
1,1.9047619047619047,Clustered,43781,RhoGAP102A,all_netgain_500_SUB1
1,1.9047619047619047,Clustered,35369,CG9265,all_netgain_500_SUB1
1,1.9047619047619047,Clustered,49701,gish,all_netgain_500_SUB1
1,1.9047619047619047,Clustered,43797,Pur-alpha,all_netgain_500_SUB1
1,1.9047619047619047,Clustered,38963,Unr,all_netgain_500_SUB1
1,1.9047619047619047,Clustered,33571,tim,all_netgain_500_SUB1
1,1.9047619047619047,Clustered,32610,CG4301,all_netgain_500_SUB1
1,1.9047619047619047,Clustered,40090,fz2,all_netgain_500_SUB1
1,1.9047619047619047,Clustered,32536,sd,all_netgain_500_SUB1
1,1.9047619047619047,Clustered,35731,sax,all_netgain_500_SUB1
1,1.9047619047619047,Clustered,34736,CG31729,all_netgain_500_SUB1
1,1.9047619047619047,Clustered,35950,Pkn,all_netgain_500_SUB1
1,1.9047619047619047,Clustered,34231,DIP-zeta,all_netgain_500_SUB1
1,1.9047619047619047,Clustered,32425,Flo2,all_netgain_500_SUB1
1,1.9047619047619047,Clustered,42550,E2f1,all_netgain_500_SUB1
5,1.1666666666666667,Clustered,32569,vap,all_netgain_500_SUB1
5,1.1666666666666667,Clustered,32700,RpS5a,all_netgain_500_SUB1
5,1.1666666666666667,Clustered,32245,fne,all_netgain_500_SUB1
5,1.1666666666666667,Clustered,33543,CG3277,all_netgain_500_SUB1
5,1.1666666666666667,Clustered,37781,TBPH,all_netgain_500_SUB1
5,1.1666666666666667,Clustered,48311,Pkc53E,all_netgain_500_SUB1
6,1.0,Clustered,40940,dsx,all_netgain_500_SUB1
6,1.0,Clustered,41273,hth,all_netgain_500_SUB1
6,1.0,Clustered,47763,Abd-B,all_netgain_500_SUB1
7,1.0,Clustered,42327,Dys,all_netgain_500_SUB1
7,1.0,Clustered,43832,PlexA,all_netgain_500_SUB1
7,1.0,Clustered,34192,Sema1a,all_netgain_500_SUB1
8,1.0,Clustered,42339,CG6231,all_netgain_500_SUB2
8,1.0,Seed,40590,CG44098,all_netgain_500_SUB2
8,1.0,Clustered,42606,CG7084,all_netgain_500_SUB2
9,1.0,Clustered,35222,CG10237,all_netgain_500_SUB3
9,1.0,Clustered,35226,CG10026,all_netgain_500_SUB3
9,1.0,Seed,34023,CG5973,all_netgain_500_SUB3
