_MEMBER_canonical300nt_gainloss_500,_LogP_canonical300nt_gainloss_500,GO,_PATTERN_,_RANK_,GiniIndex,Category,CategoryID,Description,PARENT_GO,LogP,Enrichment,Z-score,#TotalGeneInLibrary,#GeneInGO,#GeneInHitList,#GeneInGOAndHitList,%InGO,STDV %InGO,GeneID,Hits,Log(q-value),EvidenceCutoff,GROUP_ID,FirstInGroupByEnrichment,FirstInGroupByLogP,BestLogPInGroup,BestEnrichmentInGroup,URL
1,-5.3119396485238175,GO:0050808,M1,1,0,GO Biological Processes,19,synapse organization,19_GO:0009987 cellular process,-5.3119396485238175,2.953107391220692,5.49495568468374,9767,181,402,22,5.472636815920398,1.134394361255573,31702|32229|32429|33793|33795|33962|34192|34215|34408|37950|38337|38748|39524|40461|42446|42447|43766|43832|43838|3346227|3885598|5740816,dpr14|pira|hiw|DIP-eta|DIP-theta|Nlg2|Sema1a|C1GalTA|dpr19|SiaT|Fife|velo|Liprin-beta|Srpk79D|Pi3K92E|Lrrk|PlexB|PlexA|mGluR|dpr2|dpr13|DIP-delta,-1.360990934124417,0,1,1,1,-5.3119396485238175,2.953107391220692,
1,-4.153760531095568,GO:0034330,M1,1,0,GO Biological Processes,19,cell junction organization,19_GO:0009987 cellular process,-4.153760531095568,2.3800182759671036,4.532327534700384,9767,245,402,24,5.970149253731344,1.1817141643907192,31702|32229|32429|33793|33795|33962|34192|34215|34408|37403|37950|38337|38748|39524|40461|42446|42447|42672|43766|43832|43838|3346227|3885598|5740816,dpr14|pira|hiw|DIP-eta|DIP-theta|Nlg2|Sema1a|C1GalTA|dpr19|Magi|SiaT|Fife|velo|Liprin-beta|Srpk79D|Pi3K92E|Lrrk|loco|PlexB|PlexA|mGluR|dpr2|dpr13|DIP-delta,-0.8423538474013388,0,1,0,0,-5.3119396485238175,2.953107391220692,
1,-4.893640893563158,GO:0007166,M1,1,0,GO Biological Processes,19,cell surface receptor signaling pathway,19_GO:0050896 response to stimulus,-4.893640893563158,2.420955719622528,5.00736950265091,9767,281,402,28,6.965174129353234,1.2696257942483196,31234|31589|32246|32611|34011|34192|34774|35846|35922|36258|37272|38057|38879|41438|42446|42564|42817|43766|43767|43769|43791|43799|43803|43804|43811|43826|43832|43838,Pdfr|dx|hec|Traf-like|Wnt10|Sema1a|ics|Cirl|Vang|ths|Toll-7|mthl10|pbl|mthl5|Pi3K92E|tsl|mbc|PlexB|ci|pan|lgs|Ephrin|Eph|mav|myo|Actbeta|PlexA|mGluR,-1.2790194799078456,0,2,1,1,-4.893640893563158,2.420955719622528,
1,-4.752846939587584,GO:0007186,M1,1,0,GO Biological Processes,19,G protein-coupled receptor signaling pathway,19_GO:0050896 response to stimulus,-4.752846939587584,2.727104274545639,5.060406818839286,9767,196,402,22,5.472636815920398,1.134394361255573,31234|32246|32999|33812|34642|35832|35846|38057|38298|39127|39409|40575|40754|41286|41438|42523|42672|43393|43669|43838|3885573|5740672,Pdfr|hec|amn|TrissinR|CG31760|mtt|Cirl|mthl10|MsR1|CNMaR|CrzR|5-HT2A|NPFR|TkR86C|mthl5|ETHR|loco|AstA-R2|5-HT7|mGluR|Octbeta3R|dcma,-1.2790194799078456,0,3,1,1,-4.752846939587584,4.049336650082918,
1,-3.166403102575177,GO:0007218,M1,1,0,GO Biological Processes,19,neuropeptide signaling pathway,19_GO:0050896 response to stimulus,-3.166403102575177,4.049336650082918,4.387657273984338,9767,48,402,8,1.9900497512437811,0.6965527718415032,31234|32999|38298|39127|39409|40754|41286|43393,Pdfr|amn|MsR1|CNMaR|CrzR|NPFR|TkR86C|AstA-R2,-0.25684707333400186,0,3,0,0,-4.752846939587584,4.049336650082918,
1,-4.09433255746472,GO:0035212,M1,1,0,GO Biological Processes,19,cell competition in a multicellular organism,19_GO:0040007 growth,-4.09433255746472,7.672427336999216,6.031431347954164,9767,19,402,6,1.492537313432836,0.6047615041433828,37851|38218|42446|42817|43991|47873,yki|drpr|Pi3K92E|mbc|Pten|bgcn,-0.8423538474013388,0,4,1,1,-4.09433255746472,7.672427336999216,
1,-2.260959854560091,GO:0045570,M1,1,0,GO Biological Processes,19,regulation of imaginal disc growth,19_GO:0040007 growth,-2.260959854560091,3.6444029850746276,3.4720476129412736,9767,40,402,6,1.492537313432836,0.6047615041433828,33627|37851|41935|42446|43826|43991,ft|yki|Fbxl7|Pi3K92E|Actbeta|Pten,0.0,0,4,0,0,-4.09433255746472,7.672427336999216,
1,-3.8278559501219553,GO:0008049,M1,1,0,GO Biological Processes,19,male courtship behavior,19_GO:0022414 reproductive process,-3.8278559501219553,4.049336650082918,4.908581199406124,9767,60,402,10,2.487562189054726,0.7767905863727099,31228|32246|32999|33962|37844|40940|41182|43305|43669|43838,tko|hec|amn|Nlg2|ppk29|dsx|FoxP|Gr98a|5-HT7|mGluR,-0.6550584861061987,0,5,1,1,-3.8278559501219553,6.941719971570718,
1,-3.4221848056838944,GO:0060179,M1,1,0,GO Biological Processes,19,male mating behavior,19_GO:0022414 reproductive process,-3.4221848056838944,3.6262716269399267,4.468982681477345,9767,67,402,10,2.487562189054726,0.7767905863727099,31228|32246|32999|33962|37844|40940|41182|43305|43669|43838,tko|hec|amn|Nlg2|ppk29|dsx|FoxP|Gr98a|5-HT7|mGluR,-0.3743260782764376,0,5,0,0,-3.8278559501219553,6.941719971570718,
1,-3.2157846750002843,GO:0007619,M1,1,0,GO Biological Processes,19,courtship behavior,19_GO:0022414 reproductive process,-3.2157846750002843,3.4219746338728885,4.243458477473466,9767,71,402,10,2.487562189054726,0.7767905863727099,31228|32246|32999|33962|37844|40940|41182|43305|43669|43838,tko|hec|amn|Nlg2|ppk29|dsx|FoxP|Gr98a|5-HT7|mGluR,-0.25684707333400186,0,5,0,0,-3.8278559501219553,6.941719971570718,
1,-2.691049338343502,GO:0016545,M1,1,0,GO Biological Processes,19,"male courtship behavior, veined wing vibration",19_GO:0022414 reproductive process,-2.691049338343502,6.941719971570718,4.609189686048379,9767,14,402,4,0.9950248756218906,0.4950310635488597,33962|40940|41182|43669,Nlg2|dsx|FoxP|5-HT7,-0.006201709749901571,0,5,0,0,-3.8278559501219553,6.941719971570718,
1,-2.691049338343502,GO:0048065,M1,1,0,GO Biological Processes,19,"male courtship behavior, veined wing extension",19_GO:0022414 reproductive process,-2.691049338343502,6.941719971570718,4.609189686048379,9767,14,402,4,0.9950248756218906,0.4950310635488597,33962|40940|41182|43669,Nlg2|dsx|FoxP|5-HT7,-0.006201709749901571,0,5,0,0,-3.8278559501219553,6.941719971570718,
1,-2.198448403723161,GO:0007610,M1,1,0,GO Biological Processes,19,behavior,19_GO:0032501 multicellular organismal process,-2.198448403723161,1.6161432306317638,2.775701167384258,9767,451,402,30,7.462686567164179,1.3106689700479222,31228|31234|31645|32246|32429|32547|32671|32999|33962|35172|35832|35846|36699|37844|38218|38298|39293|39409|39617|40143|40754|40940|41182|41286|41616|42446|43305|43669|43808|43838,tko|Pdfr|Inx6|hec|hiw|tay|ppk28|amn|Nlg2|Ttc19|mtt|Cirl|Arf6|ppk29|drpr|MsR1|Mob2|CrzR|DCX-EMAP|wnd|NPFR|dsx|FoxP|TkR86C|2mit|Pi3K92E|Gr98a|5-HT7|gw|mGluR,0.0,0,5,0,0,-3.8278559501219553,6.941719971570718,
1,-3.7007762727905553,GO:0007444,M1,1,0,GO Biological Processes,19,imaginal disc development,19_GO:0032502 developmental process,-3.7007762727905553,1.818703984874094,3.9791134072800514,9767,521,402,39,9.701492537313433,1.4762045391787777,31004|31405|31589|32162|32547|33627|33769|34709|34774|35555|35922|36213|36699|37785|38218|38630|39038|39572|40046|40826|40879|40940|41935|41958|42445|42687|42817|43174|43767|43769|43791|43795|43804|43811|43826|43833|43835|44205|45233,spdi|ctp|dx|fw|tay|ft|H15|Sfmbt|ics|jing|Vang|sha|Arf6|ken|drpr|l(3)psg2|Doc2|nuf|CG14073|pb|rn|dsx|Fbxl7|Sb|H|wge|mbc|dysf|ci|pan|lgs|zfh2|mav|myo|Actbeta|toy|fuss|spen|capt,-0.5949255984054118,0,6,1,1,-3.7007762727905553,2.8033869115958674,
1,-2.94808303850351,GO:0007447,M1,1,0,GO Biological Processes,19,imaginal disc pattern formation,19_GO:0032502 developmental process,-2.94808303850351,2.8033869115958674,3.8306025101791383,9767,104,402,12,2.985074626865672,0.8487579338334921,33627|33769|35555|38218|39572|40046|41935|42445|43767|43791|44205|45233,ft|H15|jing|drpr|nuf|CG14073|Fbxl7|H|ci|lgs|spen|capt,-0.11107767641094657,0,6,0,0,-3.7007762727905553,2.8033869115958674,
1,-2.457957236780326,GO:0035220,M1,1,0,GO Biological Processes,19,wing disc development,19_GO:0032502 developmental process,-2.457957236780326,1.7645154117679758,3.0533284154003733,9767,358,402,26,6.467661691542289,1.2267089018368351,31004|31405|31589|32162|32547|33627|34774|35555|35922|36213|36699|38218|39572|40046|41958|42445|43767|43769|43791|43795|43804|43811|43826|43835|44205|45233,spdi|ctp|dx|fw|tay|ft|ics|jing|Vang|sha|Arf6|drpr|nuf|CG14073|Sb|H|ci|pan|lgs|zfh2|mav|myo|Actbeta|fuss|spen|capt,0.0,0,6,0,0,-3.7007762727905553,2.8033869115958674,
1,-2.209130108462877,GO:0007552,M1,1,0,GO Biological Processes,19,metamorphosis,19_GO:0032502 developmental process,-2.209130108462877,1.634767000265494,2.792479863770238,9767,431,402,29,7.213930348258707,1.2903702308745428,31004|31405|32162|32547|33627|33861|34774|35555|35922|36213|36699|37822|38630|39038|40879|42445|42446|42687|42817|43174|43769|43791|43795|43804|43811|43826|43835|43991|44205,spdi|ctp|fw|tay|ft|Kr-h1|ics|jing|Vang|sha|Arf6|Sox14|l(3)psg2|Doc2|rn|H|Pi3K92E|wge|mbc|dysf|pan|lgs|zfh2|mav|myo|Actbeta|fuss|Pten|spen,0.0,0,6,0,0,-3.7007762727905553,2.8033869115958674,
1,-3.186729156806493,R-DME-373080,M1,1,0,Reactome Gene Sets,6,Class B/2 (Secretin family receptors),,-3.186729156806493,14.57761194029851,6.291533134661367,9767,5,402,3,0.746268656716418,0.4292477185608129,32162|32246|35846,fw|hec|Cirl,-0.25684707333400186,0,7,1,1,-3.186729156806493,14.57761194029851,
1,-2.2306687628932593,R-DME-372790,M1,1,0,Reactome Gene Sets,6,Signaling by GPCR,,-2.2306687628932593,2.1392721924966365,3.000730950934211,9767,159,402,14,3.482587064676617,0.9144096507934509,32162|32246|33812|35237|35846|38050|38879|42446|42672|43393|43669|43766|43838|3885573,fw|hec|TrissinR|cyst|Cirl|RhoGEF3|pbl|Pi3K92E|loco|AstA-R2|5-HT7|PlexB|mGluR|Octbeta3R,0.0,0,7,0,0,-3.186729156806493,14.57761194029851,
1,-2.0296864379005792,R-DME-500792,M1,1,0,Reactome Gene Sets,6,GPCR ligand binding,,-2.0296864379005792,2.9322782638531484,3.057834036419455,9767,58,402,7,1.7412935323383085,0.6523917917329787,32162|32246|35846|43393|43669|43838|3885573,fw|hec|Cirl|AstA-R2|5-HT7|mGluR|Octbeta3R,0.0,0,7,0,0,-3.186729156806493,14.57761194029851,
1,-3.063113182722737,GO:0050877,M1,1,0,GO Biological Processes,19,nervous system process,19_GO:0032501 multicellular organismal process,-3.063113182722737,1.8452673342150012,3.552990033746417,9767,395,402,30,7.462686567164179,1.3106689700479222,31228|31645|31702|32429|32999|33039|33040|33230|33251|33659|34408|35408|35846|36003|36413|38098|39293|39617|40143|41182|41616|43305|43838|43923|246434|246671|318912|3346227|3885598|5740715,tko|Inx6|dpr14|hiw|amn|Obp19c|Obp19d|rempA|Gr21a|ine|dpr19|nrv3|Cirl|trpl|Or49b|Gr61a|Mob2|DCX-EMAP|wnd|FoxP|2mit|Gr98a|mGluR|axo|Obp50c|Obp57d|Ir31a|dpr2|dpr13|Ufm1,-0.19134571437096137,0,8,1,1,-3.063113182722737,2.3570765575109527,
1,-2.6073191395574673,GO:0003008,M1,1,0,GO Biological Processes,19,system process,19_GO:0032501 multicellular organismal process,-2.6073191395574673,1.6901579061215661,3.141521396351042,9767,460,402,32,7.960199004975125,1.3500093350503721,31228|31645|31702|32429|32999|33039|33040|33230|33251|33659|33769|34408|35408|35846|36003|36413|38098|39293|39617|40143|41182|41616|42672|43305|43838|43923|246434|246671|318912|3346227|3885598|5740715,tko|Inx6|dpr14|hiw|amn|Obp19c|Obp19d|rempA|Gr21a|ine|H15|dpr19|nrv3|Cirl|trpl|Or49b|Gr61a|Mob2|DCX-EMAP|wnd|FoxP|2mit|loco|Gr98a|mGluR|axo|Obp50c|Obp57d|Ir31a|dpr2|dpr13|Ufm1,0.0,0,8,0,0,-3.063113182722737,2.3570765575109527,
1,-2.5018217401862795,GO:0007600,M1,1,0,GO Biological Processes,19,sensory perception,19_GO:0032501 multicellular organismal process,-2.5018217401862795,1.9983739312097517,3.181512229149001,9767,231,402,19,4.72636815920398,1.058368992948103,31228|31702|33039|33040|33230|33251|34408|35408|35846|36003|36413|38098|39617|43305|246434|246671|318912|3346227|3885598,tko|dpr14|Obp19c|Obp19d|rempA|Gr21a|dpr19|nrv3|Cirl|trpl|Or49b|Gr61a|DCX-EMAP|Gr98a|Obp50c|Obp57d|Ir31a|dpr2|dpr13,0.0,0,8,0,0,-3.063113182722737,2.3570765575109527,
1,-2.461655864816955,GO:0007606,M1,1,0,GO Biological Processes,19,sensory perception of chemical stimulus,19_GO:0032501 multicellular organismal process,-2.461655864816955,2.3570765575109527,3.2771284414474176,9767,134,402,13,3.2338308457711444,0.8822819556969256,31702|33039|33040|33251|34408|36413|38098|43305|246434|246671|318912|3346227|3885598,dpr14|Obp19c|Obp19d|Gr21a|dpr19|Or49b|Gr61a|Gr98a|Obp50c|Obp57d|Ir31a|dpr2|dpr13,0.0,0,8,0,0,-3.063113182722737,2.3570765575109527,
1,-2.899161917751603,GO:0071526,M1,1,0,GO Biological Processes,19,semaphorin-plexin signaling pathway,19_GO:0050896 response to stimulus,-2.899161917751603,12.148009950248758,5.65904714660304,9767,6,402,3,0.746268656716418,0.4292477185608129,34192|43766|43832,Sema1a|PlexB|PlexA,-0.09434123903044063,0,9,1,1,-2.899161917751603,12.148009950248758,
1,-2.4788444459459154,R-DME-416700,M1,1,0,Reactome Gene Sets,6,Other semaphorin interactions,,-2.4788444459459154,9.111007462686569,4.754826025391569,9767,8,402,3,0.746268656716418,0.4292477185608129,34192|43766|43832,Sema1a|PlexB|PlexA,0.0,0,9,0,0,-2.899161917751603,12.148009950248758,
1,-2.7701315185739035,GO:2000331,M1,1,0,GO Biological Processes,19,regulation of terminal button organization,19_GO:0050789 regulation of biological process,-2.7701315185739035,5.521822704658525,4.3989745005023515,9767,22,402,5,1.243781094527363,0.5527658137762168,31362|32429|33962|40143|42447,Tip60|hiw|Nlg2|wnd|Lrrk,-0.006201709749901571,0,10,1,1,-2.7701315185739035,8.098673300165839,
1,-2.678396823196473,GO:0099174,M1,1,0,GO Biological Processes,19,regulation of presynapse organization,19_GO:0050789 regulation of biological process,-2.678396823196473,5.2817434566298935,4.259252811347301,9767,23,402,5,1.243781094527363,0.5527658137762168,31362|32429|33962|40143|42447,Tip60|hiw|Nlg2|wnd|Lrrk,-0.006201709749901571,0,10,0,0,-2.7701315185739035,8.098673300165839,
1,-2.316130570195602,GO:0048678,M1,1,0,GO Biological Processes,19,response to axon injury,19_GO:0050896 response to stimulus,-2.316130570195602,8.098673300165839,4.414032563443956,9767,9,402,3,0.746268656716418,0.4292477185608129,32429|38218|40143,hiw|drpr|wnd,0.0,0,10,0,0,-2.7701315185739035,8.098673300165839,
1,-2.070879485253559,GO:0050803,M1,1,0,GO Biological Processes,19,regulation of synapse structure or activity,19_GO:0065007 biological regulation,-2.070879485253559,1.9914770410243865,2.8051255247615474,9767,183,402,15,3.7313432835820897,0.9452834022623723,31362|32429|33962|38218|39293|39297|39524|40143|40582|42446|42447|43197|43804|43811|43826,Tip60|hiw|Nlg2|drpr|Mob2|rt|Liprin-beta|wnd|spartin|Pi3K92E|Lrrk|plum|mav|myo|Actbeta,0.0,0,10,0,0,-2.7701315185739035,8.098673300165839,
1,-2.715192199872881,GO:0009593,M1,1,0,GO Biological Processes,19,detection of chemical stimulus,19_GO:0050896 response to stimulus,-2.715192199872881,3.470859985785359,3.841737336548688,9767,56,402,8,1.9900497512437811,0.6965527718415032,31692|33251|36095|36413|37844|38098|39269|318912,Ir7c|Gr21a|Ir47a|Or49b|ppk29|Gr61a|Ir68a|Ir31a,-0.006201709749901571,0,11,1,1,-2.715192199872881,3.470859985785359,
1,-2.570550176554484,R-DME-3899300,M1,1,0,Reactome Gene Sets,6,SUMOylation of transcription cofactors,,-2.570550176554484,6.47893864013267,4.399595159759847,9767,15,402,4,0.9950248756218906,0.4950310635488597,31181|36431|41168|43559,ph-p|Psc|Scm|Nph,0.0,0,12,1,1,-2.570550176554484,7.288805970149255,
1,-2.2624335702994407,R-DME-8953750,M1,1,0,Reactome Gene Sets,6,Transcriptional Regulation by E2F6,,-2.2624335702994407,5.399115533443892,3.8702505494509416,9767,18,402,4,0.9950248756218906,0.4950310635488597,31181|31834|34709|36431,ph-p|HP1b|Sfmbt|Psc,0.0,0,12,0,0,-2.570550176554484,7.288805970149255,
1,-2.1745771160532406,R-DME-4570464,M1,1,0,Reactome Gene Sets,6,SUMOylation of RNA binding proteins,,-2.1745771160532406,7.288805970149255,4.122185570365574,9767,10,402,3,0.746268656716418,0.4292477185608129,31181|36431|41168,ph-p|Psc|Scm,0.0,0,12,0,0,-2.570550176554484,7.288805970149255,
1,-2.485285155662986,GO:0030182,M1,1,0,GO Biological Processes,19,neuron differentiation,19_GO:0032502 developmental process,-2.485285155662986,1.5391143828369467,2.9787842830143787,9767,663,402,42,10.447761194029852,1.5255864262208896,31181|31425|32162|32229|32429|33627|34011|34192|34939|35555|35922|36213|37272|37822|37851|38067|38218|38748|38879|39293|39524|39567|40143|40940|41168|42358|42446|43197|43766|43767|43799|43811|43819|43826|43832|43991|44205|45233|261629|318000|326116|5740414,ph-p|Ptp4E|fw|pira|hiw|ft|Wnt10|Sema1a|beat-Ib|jing|Vang|sha|Toll-7|Sox14|yki|klar|drpr|velo|pbl|Mob2|Liprin-beta|Sox21a|wnd|dsx|Scm|Ire1|Pi3K92E|plum|PlexB|ci|Ephrin|myo|pho|Actbeta|PlexA|Pten|spen|capt|Unc-115a|CG32373|tau|Snoo,0.0,0,13,1,1,-2.485285155662986,1.6691922069044094,
1,-2.4709515171992766,GO:0048666,M1,1,0,GO Biological Processes,19,neuron development,19_GO:0032502 developmental process,-2.4709515171992766,1.6135876594258312,3.0002913788817707,9767,527,402,35,8.706467661691542,1.4061380962883827,31181|31425|32229|32429|34192|34939|35555|35922|37272|37822|37851|38067|38218|38748|38879|39293|39524|40143|40940|41168|42358|42446|43197|43766|43767|43799|43819|43832|43991|44205|45233|261629|318000|326116|5740414,ph-p|Ptp4E|pira|hiw|Sema1a|beat-Ib|jing|Vang|Toll-7|Sox14|yki|klar|drpr|velo|pbl|Mob2|Liprin-beta|wnd|dsx|Scm|Ire1|Pi3K92E|plum|PlexB|ci|Ephrin|pho|PlexA|Pten|spen|capt|Unc-115a|CG32373|tau|Snoo,0.0,0,13,0,0,-2.485285155662986,1.6691922069044094,
1,-2.3355025029651557,GO:0000902,M1,1,0,GO Biological Processes,19,cell morphogenesis,19_GO:0032502 developmental process,-2.3355025029651557,1.6527904694215996,2.9064502268590933,9767,441,402,30,7.462686567164179,1.3106689700479222,31181|31425|32229|32429|34192|34939|35555|37272|37822|38748|39293|39524|40143|40940|41168|42358|42446|42817|43766|43767|43769|43791|43799|43819|43832|44205|45233|261629|326116|5740414,ph-p|Ptp4E|pira|hiw|Sema1a|beat-Ib|jing|Toll-7|Sox14|velo|Mob2|Liprin-beta|wnd|dsx|Scm|Ire1|Pi3K92E|mbc|PlexB|ci|pan|lgs|Ephrin|pho|PlexA|spen|capt|Unc-115a|tau|Snoo,0.0,0,13,0,0,-2.485285155662986,1.6691922069044094,
1,-2.270787395707811,GO:0120036,M1,1,0,GO Biological Processes,19,plasma membrane bounded cell projection organization,19_GO:0009987 cellular process,-2.270787395707811,1.544592330444,2.806796514149626,9767,582,402,37,9.203980099502488,1.4418106018605013,31425|32162|32229|32429|33217|33230|33627|33830|34192|34939|35349|35555|35922|36213|37272|37822|37977|38748|38879|39524|40143|40940|41168|42358|42446|43766|43767|43799|43819|43832|43991|44205|45233|261629|326116|2768716|5740414,Ptp4E|fw|pira|hiw|BBS8|rempA|ft|psd|Sema1a|beat-Ib|Oseg5|jing|Vang|sha|Toll-7|Sox14|CG16896|velo|pbl|Liprin-beta|wnd|dsx|Scm|Ire1|Pi3K92E|PlexB|ci|Ephrin|pho|PlexA|Pten|spen|capt|Unc-115a|tau|mim|Snoo,0.0,0,13,0,0,-2.485285155662986,1.6691922069044094,
1,-2.207951582032555,GO:0031175,M1,1,0,GO Biological Processes,19,neuron projection development,19_GO:0032502 developmental process,-2.207951582032555,1.6691922069044094,2.8054476620269373,9767,393,402,27,6.7164179104477615,1.2484134423847124,31425|32229|32429|34192|34939|35555|37272|37822|38748|38879|39524|40143|40940|41168|42358|42446|43766|43767|43799|43819|43832|43991|44205|45233|261629|326116|5740414,Ptp4E|pira|hiw|Sema1a|beat-Ib|jing|Toll-7|Sox14|velo|pbl|Liprin-beta|wnd|dsx|Scm|Ire1|Pi3K92E|PlexB|ci|Ephrin|pho|PlexA|Pten|spen|capt|Unc-115a|tau|Snoo,0.0,0,13,0,0,-2.485285155662986,1.6691922069044094,
1,-2.1196567034565783,GO:0030030,M1,1,0,GO Biological Processes,19,cell projection organization,19_GO:0009987 cellular process,-2.1196567034565783,1.5108449349889208,2.6639928030103155,9767,595,402,37,9.203980099502488,1.4418106018605013,31425|32162|32229|32429|33217|33230|33627|33830|34192|34939|35349|35555|35922|36213|37272|37822|37977|38748|38879|39524|40143|40940|41168|42358|42446|43766|43767|43799|43819|43832|43991|44205|45233|261629|326116|2768716|5740414,Ptp4E|fw|pira|hiw|BBS8|rempA|ft|psd|Sema1a|beat-Ib|Oseg5|jing|Vang|sha|Toll-7|Sox14|CG16896|velo|pbl|Liprin-beta|wnd|dsx|Scm|Ire1|Pi3K92E|PlexB|ci|Ephrin|pho|PlexA|Pten|spen|capt|Unc-115a|tau|mim|Snoo,0.0,0,13,0,0,-2.485285155662986,1.6691922069044094,
1,-2.0802341747645747,GO:0048667,M1,1,0,GO Biological Processes,19,cell morphogenesis involved in neuron differentiation,19_GO:0032502 developmental process,-2.0802341747645747,1.6686826854737302,2.693736105450794,9767,364,402,25,6.218905472636816,1.2044855655329942,31425|32229|32429|34192|34939|35555|37272|37822|38748|39524|40143|40940|41168|42358|42446|43766|43767|43799|43819|43832|44205|45233|261629|326116|5740414,Ptp4E|pira|hiw|Sema1a|beat-Ib|jing|Toll-7|Sox14|velo|Liprin-beta|wnd|dsx|Scm|Ire1|Pi3K92E|PlexB|ci|Ephrin|pho|PlexA|spen|capt|Unc-115a|tau|Snoo,0.0,0,13,0,0,-2.485285155662986,1.6691922069044094,
1,-2.0515223941323883,GO:0048812,M1,1,0,GO Biological Processes,19,neuron projection morphogenesis,19_GO:0032502 developmental process,-2.0515223941323883,1.6595642008536553,2.6645758501865373,9767,366,402,25,6.218905472636816,1.2044855655329942,31425|32229|32429|34192|34939|35555|37272|37822|38748|39524|40143|40940|41168|42358|42446|43766|43767|43799|43819|43832|44205|45233|261629|326116|5740414,Ptp4E|pira|hiw|Sema1a|beat-Ib|jing|Toll-7|Sox14|velo|Liprin-beta|wnd|dsx|Scm|Ire1|Pi3K92E|PlexB|ci|Ephrin|pho|PlexA|spen|capt|Unc-115a|tau|Snoo,0.0,0,13,0,0,-2.485285155662986,1.6691922069044094,
1,-2.0231510731660904,GO:0120039,M1,1,0,GO Biological Processes,19,plasma membrane bounded cell projection morphogenesis,19_GO:0032502 developmental process,-2.0231510731660904,1.650544830196842,2.6355897515280393,9767,368,402,25,6.218905472636816,1.2044855655329942,31425|32229|32429|34192|34939|35555|37272|37822|38748|39524|40143|40940|41168|42358|42446|43766|43767|43799|43819|43832|44205|45233|261629|326116|5740414,Ptp4E|pira|hiw|Sema1a|beat-Ib|jing|Toll-7|Sox14|velo|Liprin-beta|wnd|dsx|Scm|Ire1|Pi3K92E|PlexB|ci|Ephrin|pho|PlexA|spen|capt|Unc-115a|tau|Snoo,0.0,0,13,0,0,-2.485285155662986,1.6691922069044094,
1,-2.4788444459459154,GO:0021953,M1,1,0,GO Biological Processes,19,central nervous system neuron differentiation,19_GO:0032502 developmental process,-2.4788444459459154,9.111007462686569,4.754826025391569,9767,8,402,3,0.746268656716418,0.4292477185608129,31181|32229|38748,ph-p|pira|velo,0.0,0,14,1,1,-2.4788444459459154,9.111007462686569,
1,-2.4788444459459154,GO:0021954,M1,1,0,GO Biological Processes,19,central nervous system neuron development,19_GO:0032502 developmental process,-2.4788444459459154,9.111007462686569,4.754826025391569,9767,8,402,3,0.746268656716418,0.4292477185608129,31181|32229|38748,ph-p|pira|velo,0.0,0,14,0,0,-2.4788444459459154,9.111007462686569,
1,-2.4788444459459154,GO:0007523,M1,1,0,GO Biological Processes,19,larval visceral muscle development,19_GO:0032502 developmental process,-2.4788444459459154,9.111007462686569,4.754826025391569,9767,8,402,3,0.746268656716418,0.4292477185608129,36258|38067|42817,ths|klar|mbc,0.0,0,15,1,1,-2.4788444459459154,9.111007462686569,
1,-2.4762667762149273,GO:0007417,M1,1,0,GO Biological Processes,19,central nervous system development,19_GO:0032502 developmental process,-2.4762667762149273,1.9109229135222765,3.1267485004386306,9767,267,402,21,5.223880597014926,1.1097701918104057,31181|31425|32229|34215|35555|36431|37822|38748|39567|39592|41168|42162|42672|42817|43799|43803|43811|43825|43826|43833|44851,ph-p|Ptp4E|pira|C1GalTA|jing|Psc|Sox14|velo|Sox21a|shd|Scm|sr|loco|mbc|Ephrin|Eph|myo|sv|Actbeta|toy|raw,0.0,0,16,1,1,-2.4762667762149273,1.9109229135222765,
1,-2.316130570195602,GO:0044719,M1,1,0,GO Biological Processes,19,regulation of imaginal disc-derived wing size,19_GO:0032502 developmental process,-2.316130570195602,8.098673300165839,4.414032563443956,9767,9,402,3,0.746268656716418,0.4292477185608129,43804|43811|43826,mav|myo|Actbeta,0.0,0,17,1,1,-2.316130570195602,8.098673300165839,
1,-2.286265358287358,GO:0035011,M1,1,0,GO Biological Processes,19,melanotic encapsulation of foreign target,19_GO:0002376 immune system process,-2.286265358287358,4.338574982231698,3.665223505368023,9767,28,402,5,1.243781094527363,0.5527658137762168,38050|39617|43799|43803|43991,RhoGEF3|DCX-EMAP|Ephrin|Eph|Pten,0.0,0,18,1,1,-2.286265358287358,4.338574982231698,
1,-2.218701699640278,R-DME-1474228,M1,1,0,Reactome Gene Sets,6,Degradation of the extracellular matrix,,-2.218701699640278,4.18896894836164,3.563131904885581,9767,29,402,5,1.243781094527363,0.5527658137762168,33793|33795|34401|3346207|5740816,DIP-eta|DIP-theta|CtsL4|CG33543|DIP-delta,0.0,0,19,1,1,-2.218701699640278,4.18896894836164,
1,-2.092328085070014,R-DME-3000171,M1,1,0,Reactome Gene Sets,6,Non-integrin membrane-ECM interactions,,-2.092328085070014,3.918712887177018,3.372092161359889,9767,31,402,5,1.243781094527363,0.5527658137762168,33793|33795|43804|3346207|5740816,DIP-eta|DIP-theta|mav|CG33543|DIP-delta,0.0,0,19,0,0,-2.218701699640278,4.18896894836164,
1,-2.092328085070014,GO:0048488,M1,1,0,GO Biological Processes,19,synaptic vesicle endocytosis,19_GO:0051179 localization,-2.092328085070014,3.918712887177018,3.372092161359889,9767,31,402,5,1.243781094527363,0.5527658137762168,33962|35026|35865|36699|42447,Nlg2|tweek|stmA|Arf6|Lrrk,0.0,0,20,1,1,-2.092328085070014,3.918712887177018,
1,-2.092328085070014,GO:0140238,M1,1,0,GO Biological Processes,19,presynaptic endocytosis,19_GO:0051179 localization,-2.092328085070014,3.918712887177018,3.372092161359889,9767,31,402,5,1.243781094527363,0.5527658137762168,33962|35026|35865|36699|42447,Nlg2|tweek|stmA|Arf6|Lrrk,0.0,0,20,0,0,-2.092328085070014,3.918712887177018,
1,-2.0744521277210968,GO:0009888,M1,1,0,GO Biological Processes,19,tissue development,19_GO:0032502 developmental process,-2.0744521277210968,1.5106333616889644,2.6245537404728507,9767,579,402,36,8.955223880597014,1.4241400943127296,31181|31425|32162|32546|33611|33627|33769|33830|34573|35555|35922|36213|36258|36674|36850|36990|37851|38879|39038|39592|40583|41168|42162|42446|42672|42817|43174|43724|43769|43991|44205|44851|50147|326116|2768716|19835749,ph-p|Ptp4E|fw|CG16952|capu|ft|H15|psd|Dlg5|jing|Vang|sha|ths|pcs|CG4945|POSH|yki|pbl|Doc2|shd|smash|Scm|sr|Pi3K92E|loco|mbc|dysf|CycG|pan|Pten|spen|raw|CG9445|tau|mim|CG44245,0.0,0,21,1,1,-2.0744521277210968,1.5106333616889644,
1,-2.0094726612949882,GO:0030036,M1,1,0,GO Biological Processes,19,actin cytoskeleton organization,19_GO:0009987 cellular process,-2.0094726612949882,1.829825766564666,2.6909305404150436,9767,239,402,18,4.477611940298507,1.0314846872613255,31004|31405|31618|32024|33611|36699|38050|38879|39297|39450|39572|40583|41958|42672|42817|43991|45233|2768680,spdi|ctp|C3G|CG43901|capu|Arf6|RhoGEF3|pbl|rt|Hip1|nuf|smash|Sb|loco|mbc|Pten|capt|Myo95E,0.0,0,22,1,1,-2.0094726612949882,1.829825766564666,
