Category,CategoryID,GO,Description,PARENT_GO,LogP,Enrichment,Z-score,#TotalGeneInLibrary,#GeneInGO,#GeneInHitList,#GeneInGOAndHitList,%InGO,STDV %InGO,GeneID,Hits,Log(q-value),GeneList
GO Biological Processes,19,GO:0050808,synapse organization,19_GO:0009987 cellular process,-5.3,3,5.5,9767,181,402,22,5.5,1.1,31702|32229|32429|33793|33795|33962|34192|34215|34408|37950|38337|38748|39524|40461|42446|42447|43766|43832|43838|3346227|3885598|5740816,dpr14|pira|hiw|DIP-eta|DIP-theta|Nlg2|Sema1a|C1GalTA|dpr19|SiaT|Fife|velo|Liprin-beta|Srpk79D|Pi3K92E|Lrrk|PlexB|PlexA|mGluR|dpr2|dpr13|DIP-delta,-1.4,canonical300nt_gainloss_500
GO Biological Processes,19,GO:0007166,cell surface receptor signaling pathway,19_GO:0050896 response to stimulus,-4.9,2.4,5,9767,281,402,28,7,1.3,31234|31589|32246|32611|34011|34192|34774|35846|35922|36258|37272|38057|38879|41438|42446|42564|42817|43766|43767|43769|43791|43799|43803|43804|43811|43826|43832|43838,Pdfr|dx|hec|Traf-like|Wnt10|Sema1a|ics|Cirl|Vang|ths|Toll-7|mthl10|pbl|mthl5|Pi3K92E|tsl|mbc|PlexB|ci|pan|lgs|Ephrin|Eph|mav|myo|Actbeta|PlexA|mGluR,-1.3,canonical300nt_gainloss_500
GO Biological Processes,19,GO:0007186,G protein-coupled receptor signaling pathway,19_GO:0050896 response to stimulus,-4.8,2.7,5.1,9767,196,402,22,5.5,1.1,31234|32246|32999|33812|34642|35832|35846|38057|38298|39127|39409|40575|40754|41286|41438|42523|42672|43393|43669|43838|3885573|5740672,Pdfr|hec|amn|TrissinR|CG31760|mtt|Cirl|mthl10|MsR1|CNMaR|CrzR|5-HT2A|NPFR|TkR86C|mthl5|ETHR|loco|AstA-R2|5-HT7|mGluR|Octbeta3R|dcma,-1.3,canonical300nt_gainloss_500
GO Biological Processes,19,GO:0034330,cell junction organization,19_GO:0009987 cellular process,-4.2,2.4,4.5,9767,245,402,24,6,1.2,31702|32229|32429|33793|33795|33962|34192|34215|34408|37403|37950|38337|38748|39524|40461|42446|42447|42672|43766|43832|43838|3346227|3885598|5740816,dpr14|pira|hiw|DIP-eta|DIP-theta|Nlg2|Sema1a|C1GalTA|dpr19|Magi|SiaT|Fife|velo|Liprin-beta|Srpk79D|Pi3K92E|Lrrk|loco|PlexB|PlexA|mGluR|dpr2|dpr13|DIP-delta,-0.84,canonical300nt_gainloss_500
GO Biological Processes,19,GO:0035212,cell competition in a multicellular organism,19_GO:0040007 growth,-4.1,7.7,6,9767,19,402,6,1.5,0.6,37851|38218|42446|42817|43991|47873,yki|drpr|Pi3K92E|mbc|Pten|bgcn,-0.84,canonical300nt_gainloss_500
GO Biological Processes,19,GO:0008049,male courtship behavior,19_GO:0022414 reproductive process,-3.8,4,4.9,9767,60,402,10,2.5,0.78,31228|32246|32999|33962|37844|40940|41182|43305|43669|43838,tko|hec|amn|Nlg2|ppk29|dsx|FoxP|Gr98a|5-HT7|mGluR,-0.66,canonical300nt_gainloss_500
GO Biological Processes,19,GO:0007444,imaginal disc development,19_GO:0032502 developmental process,-3.7,1.8,4,9767,521,402,39,9.7,1.5,31004|31405|31589|32162|32547|33627|33769|34709|34774|35555|35922|36213|36699|37785|38218|38630|39038|39572|40046|40826|40879|40940|41935|41958|42445|42687|42817|43174|43767|43769|43791|43795|43804|43811|43826|43833|43835|44205|45233,spdi|ctp|dx|fw|tay|ft|H15|Sfmbt|ics|jing|Vang|sha|Arf6|ken|drpr|l(3)psg2|Doc2|nuf|CG14073|pb|rn|dsx|Fbxl7|Sb|H|wge|mbc|dysf|ci|pan|lgs|zfh2|mav|myo|Actbeta|toy|fuss|spen|capt,-0.59,canonical300nt_gainloss_500
GO Biological Processes,19,GO:0060179,male mating behavior,19_GO:0022414 reproductive process,-3.4,3.6,4.5,9767,67,402,10,2.5,0.78,31228|32246|32999|33962|37844|40940|41182|43305|43669|43838,tko|hec|amn|Nlg2|ppk29|dsx|FoxP|Gr98a|5-HT7|mGluR,-0.37,canonical300nt_gainloss_500
GO Biological Processes,19,GO:0007619,courtship behavior,19_GO:0022414 reproductive process,-3.2,3.4,4.2,9767,71,402,10,2.5,0.78,31228|32246|32999|33962|37844|40940|41182|43305|43669|43838,tko|hec|amn|Nlg2|ppk29|dsx|FoxP|Gr98a|5-HT7|mGluR,-0.26,canonical300nt_gainloss_500
Reactome Gene Sets,6,R-DME-373080,Class B/2 (Secretin family receptors),,-3.2,15,6.3,9767,5,402,3,0.75,0.43,32162|32246|35846,fw|hec|Cirl,-0.26,canonical300nt_gainloss_500
GO Biological Processes,19,GO:0007218,neuropeptide signaling pathway,19_GO:0050896 response to stimulus,-3.2,4,4.4,9767,48,402,8,2,0.7,31234|32999|38298|39127|39409|40754|41286|43393,Pdfr|amn|MsR1|CNMaR|CrzR|NPFR|TkR86C|AstA-R2,-0.26,canonical300nt_gainloss_500
GO Biological Processes,19,GO:0050877,nervous system process,19_GO:0032501 multicellular organismal process,-3.1,1.8,3.6,9767,395,402,30,7.5,1.3,31228|31645|31702|32429|32999|33039|33040|33230|33251|33659|34408|35408|35846|36003|36413|38098|39293|39617|40143|41182|41616|43305|43838|43923|246434|246671|318912|3346227|3885598|5740715,tko|Inx6|dpr14|hiw|amn|Obp19c|Obp19d|rempA|Gr21a|ine|dpr19|nrv3|Cirl|trpl|Or49b|Gr61a|Mob2|DCX-EMAP|wnd|FoxP|2mit|Gr98a|mGluR|axo|Obp50c|Obp57d|Ir31a|dpr2|dpr13|Ufm1,-0.19,canonical300nt_gainloss_500
GO Biological Processes,19,GO:0007447,imaginal disc pattern formation,19_GO:0032502 developmental process,-2.9,2.8,3.8,9767,104,402,12,3,0.85,33627|33769|35555|38218|39572|40046|41935|42445|43767|43791|44205|45233,ft|H15|jing|drpr|nuf|CG14073|Fbxl7|H|ci|lgs|spen|capt,-0.11,canonical300nt_gainloss_500
GO Biological Processes,19,GO:0071526,semaphorin-plexin signaling pathway,19_GO:0050896 response to stimulus,-2.9,12,5.7,9767,6,402,3,0.75,0.43,34192|43766|43832,Sema1a|PlexB|PlexA,-0.094,canonical300nt_gainloss_500
GO Biological Processes,19,GO:2000331,regulation of terminal button organization,19_GO:0050789 regulation of biological process,-2.8,5.5,4.4,9767,22,402,5,1.2,0.55,31362|32429|33962|40143|42447,Tip60|hiw|Nlg2|wnd|Lrrk,-0.0062,canonical300nt_gainloss_500
GO Biological Processes,19,GO:0009593,detection of chemical stimulus,19_GO:0050896 response to stimulus,-2.7,3.5,3.8,9767,56,402,8,2,0.7,31692|33251|36095|36413|37844|38098|39269|318912,Ir7c|Gr21a|Ir47a|Or49b|ppk29|Gr61a|Ir68a|Ir31a,-0.0062,canonical300nt_gainloss_500
GO Biological Processes,19,GO:0016545,"male courtship behavior, veined wing vibration",19_GO:0022414 reproductive process,-2.7,6.9,4.6,9767,14,402,4,1,0.5,33962|40940|41182|43669,Nlg2|dsx|FoxP|5-HT7,-0.0062,canonical300nt_gainloss_500
GO Biological Processes,19,GO:0048065,"male courtship behavior, veined wing extension",19_GO:0022414 reproductive process,-2.7,6.9,4.6,9767,14,402,4,1,0.5,33962|40940|41182|43669,Nlg2|dsx|FoxP|5-HT7,-0.0062,canonical300nt_gainloss_500
GO Biological Processes,19,GO:0099174,regulation of presynapse organization,19_GO:0050789 regulation of biological process,-2.7,5.3,4.3,9767,23,402,5,1.2,0.55,31362|32429|33962|40143|42447,Tip60|hiw|Nlg2|wnd|Lrrk,-0.0062,canonical300nt_gainloss_500
GO Biological Processes,19,GO:0003008,system process,19_GO:0032501 multicellular organismal process,-2.6,1.7,3.1,9767,460,402,32,8,1.4,31228|31645|31702|32429|32999|33039|33040|33230|33251|33659|33769|34408|35408|35846|36003|36413|38098|39293|39617|40143|41182|41616|42672|43305|43838|43923|246434|246671|318912|3346227|3885598|5740715,tko|Inx6|dpr14|hiw|amn|Obp19c|Obp19d|rempA|Gr21a|ine|H15|dpr19|nrv3|Cirl|trpl|Or49b|Gr61a|Mob2|DCX-EMAP|wnd|FoxP|2mit|loco|Gr98a|mGluR|axo|Obp50c|Obp57d|Ir31a|dpr2|dpr13|Ufm1,0,canonical300nt_gainloss_500
Reactome Gene Sets,6,R-DME-3899300,SUMOylation of transcription cofactors,,-2.6,6.5,4.4,9767,15,402,4,1,0.5,31181|36431|41168|43559,ph-p|Psc|Scm|Nph,0,canonical300nt_gainloss_500
GO Biological Processes,19,GO:0007600,sensory perception,19_GO:0032501 multicellular organismal process,-2.5,2,3.2,9767,231,402,19,4.7,1.1,31228|31702|33039|33040|33230|33251|34408|35408|35846|36003|36413|38098|39617|43305|246434|246671|318912|3346227|3885598,tko|dpr14|Obp19c|Obp19d|rempA|Gr21a|dpr19|nrv3|Cirl|trpl|Or49b|Gr61a|DCX-EMAP|Gr98a|Obp50c|Obp57d|Ir31a|dpr2|dpr13,0,canonical300nt_gainloss_500
GO Biological Processes,19,GO:0030182,neuron differentiation,19_GO:0032502 developmental process,-2.5,1.5,3,9767,663,402,42,10,1.5,31181|31425|32162|32229|32429|33627|34011|34192|34939|35555|35922|36213|37272|37822|37851|38067|38218|38748|38879|39293|39524|39567|40143|40940|41168|42358|42446|43197|43766|43767|43799|43811|43819|43826|43832|43991|44205|45233|261629|318000|326116|5740414,ph-p|Ptp4E|fw|pira|hiw|ft|Wnt10|Sema1a|beat-Ib|jing|Vang|sha|Toll-7|Sox14|yki|klar|drpr|velo|pbl|Mob2|Liprin-beta|Sox21a|wnd|dsx|Scm|Ire1|Pi3K92E|plum|PlexB|ci|Ephrin|myo|pho|Actbeta|PlexA|Pten|spen|capt|Unc-115a|CG32373|tau|Snoo,0,canonical300nt_gainloss_500
GO Biological Processes,19,GO:0021953,central nervous system neuron differentiation,19_GO:0032502 developmental process,-2.5,9.1,4.8,9767,8,402,3,0.75,0.43,31181|32229|38748,ph-p|pira|velo,0,canonical300nt_gainloss_500
GO Biological Processes,19,GO:0021954,central nervous system neuron development,19_GO:0032502 developmental process,-2.5,9.1,4.8,9767,8,402,3,0.75,0.43,31181|32229|38748,ph-p|pira|velo,0,canonical300nt_gainloss_500
GO Biological Processes,19,GO:0007523,larval visceral muscle development,19_GO:0032502 developmental process,-2.5,9.1,4.8,9767,8,402,3,0.75,0.43,36258|38067|42817,ths|klar|mbc,0,canonical300nt_gainloss_500
Reactome Gene Sets,6,R-DME-416700,Other semaphorin interactions,,-2.5,9.1,4.8,9767,8,402,3,0.75,0.43,34192|43766|43832,Sema1a|PlexB|PlexA,0,canonical300nt_gainloss_500
GO Biological Processes,19,GO:0007417,central nervous system development,19_GO:0032502 developmental process,-2.5,1.9,3.1,9767,267,402,21,5.2,1.1,31181|31425|32229|34215|35555|36431|37822|38748|39567|39592|41168|42162|42672|42817|43799|43803|43811|43825|43826|43833|44851,ph-p|Ptp4E|pira|C1GalTA|jing|Psc|Sox14|velo|Sox21a|shd|Scm|sr|loco|mbc|Ephrin|Eph|myo|sv|Actbeta|toy|raw,0,canonical300nt_gainloss_500
GO Biological Processes,19,GO:0048666,neuron development,19_GO:0032502 developmental process,-2.5,1.6,3,9767,527,402,35,8.7,1.4,31181|31425|32229|32429|34192|34939|35555|35922|37272|37822|37851|38067|38218|38748|38879|39293|39524|40143|40940|41168|42358|42446|43197|43766|43767|43799|43819|43832|43991|44205|45233|261629|318000|326116|5740414,ph-p|Ptp4E|pira|hiw|Sema1a|beat-Ib|jing|Vang|Toll-7|Sox14|yki|klar|drpr|velo|pbl|Mob2|Liprin-beta|wnd|dsx|Scm|Ire1|Pi3K92E|plum|PlexB|ci|Ephrin|pho|PlexA|Pten|spen|capt|Unc-115a|CG32373|tau|Snoo,0,canonical300nt_gainloss_500
GO Biological Processes,19,GO:0007606,sensory perception of chemical stimulus,19_GO:0032501 multicellular organismal process,-2.5,2.4,3.3,9767,134,402,13,3.2,0.88,31702|33039|33040|33251|34408|36413|38098|43305|246434|246671|318912|3346227|3885598,dpr14|Obp19c|Obp19d|Gr21a|dpr19|Or49b|Gr61a|Gr98a|Obp50c|Obp57d|Ir31a|dpr2|dpr13,0,canonical300nt_gainloss_500
GO Biological Processes,19,GO:0035220,wing disc development,19_GO:0032502 developmental process,-2.5,1.8,3.1,9767,358,402,26,6.5,1.2,31004|31405|31589|32162|32547|33627|34774|35555|35922|36213|36699|38218|39572|40046|41958|42445|43767|43769|43791|43795|43804|43811|43826|43835|44205|45233,spdi|ctp|dx|fw|tay|ft|ics|jing|Vang|sha|Arf6|drpr|nuf|CG14073|Sb|H|ci|pan|lgs|zfh2|mav|myo|Actbeta|fuss|spen|capt,0,canonical300nt_gainloss_500
GO Biological Processes,19,GO:0000902,cell morphogenesis,19_GO:0032502 developmental process,-2.3,1.7,2.9,9767,441,402,30,7.5,1.3,31181|31425|32229|32429|34192|34939|35555|37272|37822|38748|39293|39524|40143|40940|41168|42358|42446|42817|43766|43767|43769|43791|43799|43819|43832|44205|45233|261629|326116|5740414,ph-p|Ptp4E|pira|hiw|Sema1a|beat-Ib|jing|Toll-7|Sox14|velo|Mob2|Liprin-beta|wnd|dsx|Scm|Ire1|Pi3K92E|mbc|PlexB|ci|pan|lgs|Ephrin|pho|PlexA|spen|capt|Unc-115a|tau|Snoo,0,canonical300nt_gainloss_500
GO Biological Processes,19,GO:0048678,response to axon injury,19_GO:0050896 response to stimulus,-2.3,8.1,4.4,9767,9,402,3,0.75,0.43,32429|38218|40143,hiw|drpr|wnd,0,canonical300nt_gainloss_500
GO Biological Processes,19,GO:0044719,regulation of imaginal disc-derived wing size,19_GO:0032502 developmental process,-2.3,8.1,4.4,9767,9,402,3,0.75,0.43,43804|43811|43826,mav|myo|Actbeta,0,canonical300nt_gainloss_500
GO Biological Processes,19,GO:0035011,melanotic encapsulation of foreign target,19_GO:0002376 immune system process,-2.3,4.3,3.7,9767,28,402,5,1.2,0.55,38050|39617|43799|43803|43991,RhoGEF3|DCX-EMAP|Ephrin|Eph|Pten,0,canonical300nt_gainloss_500
GO Biological Processes,19,GO:0120036,plasma membrane bounded cell projection organization,19_GO:0009987 cellular process,-2.3,1.5,2.8,9767,582,402,37,9.2,1.4,31425|32162|32229|32429|33217|33230|33627|33830|34192|34939|35349|35555|35922|36213|37272|37822|37977|38748|38879|39524|40143|40940|41168|42358|42446|43766|43767|43799|43819|43832|43991|44205|45233|261629|326116|2768716|5740414,Ptp4E|fw|pira|hiw|BBS8|rempA|ft|psd|Sema1a|beat-Ib|Oseg5|jing|Vang|sha|Toll-7|Sox14|CG16896|velo|pbl|Liprin-beta|wnd|dsx|Scm|Ire1|Pi3K92E|PlexB|ci|Ephrin|pho|PlexA|Pten|spen|capt|Unc-115a|tau|mim|Snoo,0,canonical300nt_gainloss_500
Reactome Gene Sets,6,R-DME-8953750,Transcriptional Regulation by E2F6,,-2.3,5.4,3.9,9767,18,402,4,1,0.5,31181|31834|34709|36431,ph-p|HP1b|Sfmbt|Psc,0,canonical300nt_gainloss_500
GO Biological Processes,19,GO:0045570,regulation of imaginal disc growth,19_GO:0040007 growth,-2.3,3.6,3.5,9767,40,402,6,1.5,0.6,33627|37851|41935|42446|43826|43991,ft|yki|Fbxl7|Pi3K92E|Actbeta|Pten,0,canonical300nt_gainloss_500
Reactome Gene Sets,6,R-DME-372790,Signaling by GPCR,,-2.2,2.1,3,9767,159,402,14,3.5,0.91,32162|32246|33812|35237|35846|38050|38879|42446|42672|43393|43669|43766|43838|3885573,fw|hec|TrissinR|cyst|Cirl|RhoGEF3|pbl|Pi3K92E|loco|AstA-R2|5-HT7|PlexB|mGluR|Octbeta3R,0,canonical300nt_gainloss_500
Reactome Gene Sets,6,R-DME-1474228,Degradation of the extracellular matrix,,-2.2,4.2,3.6,9767,29,402,5,1.2,0.55,33793|33795|34401|3346207|5740816,DIP-eta|DIP-theta|CtsL4|CG33543|DIP-delta,0,canonical300nt_gainloss_500
GO Biological Processes,19,GO:0007552,metamorphosis,19_GO:0032502 developmental process,-2.2,1.6,2.8,9767,431,402,29,7.2,1.3,31004|31405|32162|32547|33627|33861|34774|35555|35922|36213|36699|37822|38630|39038|40879|42445|42446|42687|42817|43174|43769|43791|43795|43804|43811|43826|43835|43991|44205,spdi|ctp|fw|tay|ft|Kr-h1|ics|jing|Vang|sha|Arf6|Sox14|l(3)psg2|Doc2|rn|H|Pi3K92E|wge|mbc|dysf|pan|lgs|zfh2|mav|myo|Actbeta|fuss|Pten|spen,0,canonical300nt_gainloss_500
GO Biological Processes,19,GO:0031175,neuron projection development,19_GO:0032502 developmental process,-2.2,1.7,2.8,9767,393,402,27,6.7,1.2,31425|32229|32429|34192|34939|35555|37272|37822|38748|38879|39524|40143|40940|41168|42358|42446|43766|43767|43799|43819|43832|43991|44205|45233|261629|326116|5740414,Ptp4E|pira|hiw|Sema1a|beat-Ib|jing|Toll-7|Sox14|velo|pbl|Liprin-beta|wnd|dsx|Scm|Ire1|Pi3K92E|PlexB|ci|Ephrin|pho|PlexA|Pten|spen|capt|Unc-115a|tau|Snoo,0,canonical300nt_gainloss_500
GO Biological Processes,19,GO:0007610,behavior,19_GO:0032501 multicellular organismal process,-2.2,1.6,2.8,9767,451,402,30,7.5,1.3,31228|31234|31645|32246|32429|32547|32671|32999|33962|35172|35832|35846|36699|37844|38218|38298|39293|39409|39617|40143|40754|40940|41182|41286|41616|42446|43305|43669|43808|43838,tko|Pdfr|Inx6|hec|hiw|tay|ppk28|amn|Nlg2|Ttc19|mtt|Cirl|Arf6|ppk29|drpr|MsR1|Mob2|CrzR|DCX-EMAP|wnd|NPFR|dsx|FoxP|TkR86C|2mit|Pi3K92E|Gr98a|5-HT7|gw|mGluR,0,canonical300nt_gainloss_500
Reactome Gene Sets,6,R-DME-4570464,SUMOylation of RNA binding proteins,,-2.2,7.3,4.1,9767,10,402,3,0.75,0.43,31181|36431|41168,ph-p|Psc|Scm,0,canonical300nt_gainloss_500
GO Biological Processes,19,GO:0030030,cell projection organization,19_GO:0009987 cellular process,-2.1,1.5,2.7,9767,595,402,37,9.2,1.4,31425|32162|32229|32429|33217|33230|33627|33830|34192|34939|35349|35555|35922|36213|37272|37822|37977|38748|38879|39524|40143|40940|41168|42358|42446|43766|43767|43799|43819|43832|43991|44205|45233|261629|326116|2768716|5740414,Ptp4E|fw|pira|hiw|BBS8|rempA|ft|psd|Sema1a|beat-Ib|Oseg5|jing|Vang|sha|Toll-7|Sox14|CG16896|velo|pbl|Liprin-beta|wnd|dsx|Scm|Ire1|Pi3K92E|PlexB|ci|Ephrin|pho|PlexA|Pten|spen|capt|Unc-115a|tau|mim|Snoo,0,canonical300nt_gainloss_500
GO Biological Processes,19,GO:0140238,presynaptic endocytosis,19_GO:0051179 localization,-2.1,3.9,3.4,9767,31,402,5,1.2,0.55,33962|35026|35865|36699|42447,Nlg2|tweek|stmA|Arf6|Lrrk,0,canonical300nt_gainloss_500
Reactome Gene Sets,6,R-DME-3000171,Non-integrin membrane-ECM interactions,,-2.1,3.9,3.4,9767,31,402,5,1.2,0.55,33793|33795|43804|3346207|5740816,DIP-eta|DIP-theta|mav|CG33543|DIP-delta,0,canonical300nt_gainloss_500
GO Biological Processes,19,GO:0048488,synaptic vesicle endocytosis,19_GO:0051179 localization,-2.1,3.9,3.4,9767,31,402,5,1.2,0.55,33962|35026|35865|36699|42447,Nlg2|tweek|stmA|Arf6|Lrrk,0,canonical300nt_gainloss_500
GO Biological Processes,19,GO:0048667,cell morphogenesis involved in neuron differentiation,19_GO:0032502 developmental process,-2.1,1.7,2.7,9767,364,402,25,6.2,1.2,31425|32229|32429|34192|34939|35555|37272|37822|38748|39524|40143|40940|41168|42358|42446|43766|43767|43799|43819|43832|44205|45233|261629|326116|5740414,Ptp4E|pira|hiw|Sema1a|beat-Ib|jing|Toll-7|Sox14|velo|Liprin-beta|wnd|dsx|Scm|Ire1|Pi3K92E|PlexB|ci|Ephrin|pho|PlexA|spen|capt|Unc-115a|tau|Snoo,0,canonical300nt_gainloss_500
GO Biological Processes,19,GO:0009888,tissue development,19_GO:0032502 developmental process,-2.1,1.5,2.6,9767,579,402,36,9,1.4,31181|31425|32162|32546|33611|33627|33769|33830|34573|35555|35922|36213|36258|36674|36850|36990|37851|38879|39038|39592|40583|41168|42162|42446|42672|42817|43174|43724|43769|43991|44205|44851|50147|326116|2768716|19835749,ph-p|Ptp4E|fw|CG16952|capu|ft|H15|psd|Dlg5|jing|Vang|sha|ths|pcs|CG4945|POSH|yki|pbl|Doc2|shd|smash|Scm|sr|Pi3K92E|loco|mbc|dysf|CycG|pan|Pten|spen|raw|CG9445|tau|mim|CG44245,0,canonical300nt_gainloss_500
GO Biological Processes,19,GO:0050803,regulation of synapse structure or activity,19_GO:0065007 biological regulation,-2.1,2,2.8,9767,183,402,15,3.7,0.95,31362|32429|33962|38218|39293|39297|39524|40143|40582|42446|42447|43197|43804|43811|43826,Tip60|hiw|Nlg2|drpr|Mob2|rt|Liprin-beta|wnd|spartin|Pi3K92E|Lrrk|plum|mav|myo|Actbeta,0,canonical300nt_gainloss_500
GO Biological Processes,19,GO:0048812,neuron projection morphogenesis,19_GO:0032502 developmental process,-2.1,1.7,2.7,9767,366,402,25,6.2,1.2,31425|32229|32429|34192|34939|35555|37272|37822|38748|39524|40143|40940|41168|42358|42446|43766|43767|43799|43819|43832|44205|45233|261629|326116|5740414,Ptp4E|pira|hiw|Sema1a|beat-Ib|jing|Toll-7|Sox14|velo|Liprin-beta|wnd|dsx|Scm|Ire1|Pi3K92E|PlexB|ci|Ephrin|pho|PlexA|spen|capt|Unc-115a|tau|Snoo,0,canonical300nt_gainloss_500
Reactome Gene Sets,6,R-DME-500792,GPCR ligand binding,,-2,2.9,3.1,9767,58,402,7,1.7,0.65,32162|32246|35846|43393|43669|43838|3885573,fw|hec|Cirl|AstA-R2|5-HT7|mGluR|Octbeta3R,0,canonical300nt_gainloss_500
GO Biological Processes,19,GO:0120039,plasma membrane bounded cell projection morphogenesis,19_GO:0032502 developmental process,-2,1.7,2.6,9767,368,402,25,6.2,1.2,31425|32229|32429|34192|34939|35555|37272|37822|38748|39524|40143|40940|41168|42358|42446|43766|43767|43799|43819|43832|44205|45233|261629|326116|5740414,Ptp4E|pira|hiw|Sema1a|beat-Ib|jing|Toll-7|Sox14|velo|Liprin-beta|wnd|dsx|Scm|Ire1|Pi3K92E|PlexB|ci|Ephrin|pho|PlexA|spen|capt|Unc-115a|tau|Snoo,0,canonical300nt_gainloss_500
GO Biological Processes,19,GO:0030036,actin cytoskeleton organization,19_GO:0009987 cellular process,-2,1.8,2.7,9767,239,402,18,4.5,1,31004|31405|31618|32024|33611|36699|38050|38879|39297|39450|39572|40583|41958|42672|42817|43991|45233|2768680,spdi|ctp|C3G|CG43901|capu|Arf6|RhoGEF3|pbl|rt|Hip1|nuf|smash|Sb|loco|mbc|Pten|capt|Myo95E,0,canonical300nt_gainloss_500
