_MEMBER_canonical300nt_gainloss_500,_LogP_canonical300nt_gainloss_500,GO,Description,_PATTERN_,_RANK_,CHILD_GO_canonical300nt_gainloss_500
1,-5.3119396485238175,GO:0009987,cellular process,M1,1,GO:0050808 synapse organization
1,-4.893640893563158,GO:0050896,response to stimulus,M1,1,GO:0007166 cell surface receptor signaling pathway
1,-4.09433255746472,GO:0040007,growth,M1,1,GO:0035212 cell competition in a multicellular organism
1,-3.8278559501219553,GO:0022414,reproductive process,M1,1,GO:0008049 male courtship behavior
1,-3.7007762727905553,GO:0032502,developmental process,M1,1,GO:0007444 imaginal disc development
1,-3.063113182722737,GO:0032501,multicellular organismal process,M1,1,GO:0050877 nervous system process
1,-2.7701315185739035,GO:0050789,regulation of biological process,M1,1,GO:2000331 regulation of terminal button organization
1,-2.286265358287358,GO:0002376,immune system process,M1,1,GO:0035011 melanotic encapsulation of foreign target
1,-2.092328085070014,GO:0051179,localization,M1,1,GO:0140238 presynaptic endocytosis
1,-2.070879485253559,GO:0065007,biological regulation,M1,1,GO:0050803 regulation of synapse structure or activity
