_MEMBER_canonical300nt_gainloss_500,_LogP_canonical300nt_gainloss_500,GO,Description,_PATTERN_,_RANK_,GiniIndex
1,-2.1,GO:0030030,cell projection organization,M1,1,0
1,-2.1,R-DME-3000171,Non-integrin membrane-ECM interactions,M1,1,0
1,-2.5,GO:0007606,sensory perception of chemical stimulus,M1,1,0
1,-2.3,GO:0035011,melanotic encapsulation of foreign target,M1,1,0
1,-2.1,GO:0048812,neuron projection morphogenesis,M1,1,0
1,-2.3,GO:0048678,response to axon injury,M1,1,0
1,-5.3,GO:0050808,synapse organization,M1,1,0
1,-2.5,GO:0007600,sensory perception,M1,1,0
1,-2.1,GO:0048667,cell morphogenesis involved in neuron differentiation,M1,1,0
1,-3.2,GO:0007218,neuropeptide signaling pathway,M1,1,0
1,-2.3,GO:0044719,regulation of imaginal disc-derived wing size,M1,1,0
1,-2.5,R-DME-416700,Other semaphorin interactions,M1,1,0
1,-2.2,R-DME-1474228,Degradation of the extracellular matrix,M1,1,0
1,-2,GO:0120039,plasma membrane bounded cell projection morphogenesis,M1,1,0
1,-2.5,GO:0021954,central nervous system neuron development,M1,1,0
1,-3.1,GO:0050877,nervous system process,M1,1,0
1,-2.2,GO:0007552,metamorphosis,M1,1,0
1,-2.8,GO:2000331,regulation of terminal button organization,M1,1,0
1,-2.3,GO:0000902,cell morphogenesis,M1,1,0
1,-4.2,GO:0034330,cell junction organization,M1,1,0
1,-2.1,GO:0009888,tissue development,M1,1,0
1,-2.2,R-DME-4570464,SUMOylation of RNA binding proteins,M1,1,0
1,-4.9,GO:0007166,cell surface receptor signaling pathway,M1,1,0
1,-3.8,GO:0008049,male courtship behavior,M1,1,0
1,-2.5,GO:0021953,central nervous system neuron differentiation,M1,1,0
1,-2.2,R-DME-372790,Signaling by GPCR,M1,1,0
1,-2.6,GO:0003008,system process,M1,1,0
1,-4.1,GO:0035212,cell competition in a multicellular organism,M1,1,0
1,-2,GO:0030036,actin cytoskeleton organization,M1,1,0
1,-2.9,GO:0007447,imaginal disc pattern formation,M1,1,0
1,-2.5,GO:0007523,larval visceral muscle development,M1,1,0
1,-2.5,GO:0035220,wing disc development,M1,1,0
1,-2.1,GO:0050803,regulation of synapse structure or activity,M1,1,0
1,-2.7,GO:0099174,regulation of presynapse organization,M1,1,0
1,-3.4,GO:0060179,male mating behavior,M1,1,0
1,-2.7,GO:0009593,detection of chemical stimulus,M1,1,0
1,-2,R-DME-500792,GPCR ligand binding,M1,1,0
1,-2.2,GO:0007610,behavior,M1,1,0
1,-2.3,GO:0045570,regulation of imaginal disc growth,M1,1,0
1,-3.2,GO:0007619,courtship behavior,M1,1,0
1,-2.5,GO:0048666,neuron development,M1,1,0
1,-2.1,GO:0048488,synaptic vesicle endocytosis,M1,1,0
1,-2.1,GO:0140238,presynaptic endocytosis,M1,1,0
1,-2.7,GO:0048065,"male courtship behavior, veined wing extension",M1,1,0
1,-3.2,R-DME-373080,Class B/2 (Secretin family receptors),M1,1,0
1,-2.3,R-DME-8953750,Transcriptional Regulation by E2F6,M1,1,0
1,-2.5,GO:0007417,central nervous system development,M1,1,0
1,-2.7,GO:0016545,"male courtship behavior, veined wing vibration",M1,1,0
1,-3.7,GO:0007444,imaginal disc development,M1,1,0
1,-2.5,GO:0030182,neuron differentiation,M1,1,0
1,-2.2,GO:0031175,neuron projection development,M1,1,0
1,-2.3,GO:0120036,plasma membrane bounded cell projection organization,M1,1,0
1,-2.6,R-DME-3899300,SUMOylation of transcription cofactors,M1,1,0
1,-2.9,GO:0071526,semaphorin-plexin signaling pathway,M1,1,0
1,-4.8,GO:0007186,G protein-coupled receptor signaling pathway,M1,1,0
