_MEMBER_all_gainloss_500,_LogP_all_gainloss_500,GO,Description,_PATTERN_,_RANK_,CHILD_GO_all_gainloss_500
1,-18.227138955330286,GO:0032502,developmental process,M1,1,GO:0009887 animal organ morphogenesis
1,-12.838552521239144,GO:0032501,multicellular organismal process,M1,1,GO:0051239 regulation of multicellular organismal process
1,-12.689715451337346,GO:0009987,cellular process,M1,1,GO:0034330 cell junction organization
1,-9.178910688932643,GO:0048518,positive regulation of biological process,M1,1,GO:0010557 positive regulation of macromolecule biosynthetic process
1,-8.869915037482519,GO:0050896,response to stimulus,M1,1,GO:1902531 regulation of intracellular signal transduction
1,-8.598609377234633,GO:0040007,growth,M1,1,GO:0048589 developmental growth
1,-8.45230300472341,GO:0051179,localization,M1,1,GO:0032879 regulation of localization
1,-8.14873709358837,GO:0050789,regulation of biological process,M1,1,GO:0051128 regulation of cellular component organization
1,-7.857637835748895,GO:0042592,homeostatic process,M1,1,GO:0048871 multicellular organismal-level homeostasis
1,-7.588413074168556,GO:0065007,biological regulation,M1,1,GO:0090066 regulation of anatomical structure size
1,-7.262960391433646,GO:0048519,negative regulation of biological process,M1,1,GO:0045934 negative regulation of nucleobase-containing compound metabolic process
1,-6.796854654540032,GO:0048511,rhythmic process,M1,1,GO:0007623 circadian rhythm
1,-6.741899251372258,GO:0022414,reproductive process,M1,1,GO:0007292 female gamete generation
1,-4.110957025943946,GO:0002376,immune system process,M1,1,GO:0048534 hematopoietic or lymphoid organ development
1,-3.870310378033859,GO:0040011,locomotion,M1,1,GO:0040012 regulation of locomotion
