_MEMBER_all_gainloss_500,_LogP_all_gainloss_500,GO,Description,_PATTERN_,_RANK_,GiniIndex
1,-4.9,R-DME-416482,G alpha (12/13) signalling events,M1,1,0
1,-2.2,GO:0010001,glial cell differentiation,M1,1,0
1,-4.2,GO:0040034,"regulation of development, heterochronic",M1,1,0
1,-3,GO:0046627,negative regulation of insulin receptor signaling pathway,M1,1,0
1,-3.3,GO:0007308,oocyte construction,M1,1,0
1,-4.7,GO:0009605,response to external stimulus,M1,1,0
1,-10,GO:0031175,neuron projection development,M1,1,0
1,-6.3,GO:0007619,courtship behavior,M1,1,0
1,-2.6,GO:0009583,detection of light stimulus,M1,1,0
1,-2.6,R-DME-110478,Insulin signaling pathway,M1,1,0
1,-7,GO:0007416,synapse assembly,M1,1,0
1,-3.3,GO:0040017,positive regulation of locomotion,M1,1,0
1,-4.6,GO:0042462,eye photoreceptor cell development,M1,1,0
1,-2.1,dme04080,Neuroactive ligand-receptor interaction - Drosophila melanogaster (fruit fly),M1,1,0
1,-5.1,GO:0050803,regulation of synapse structure or activity,M1,1,0
1,-4.6,GO:0051094,positive regulation of developmental process,M1,1,0
1,-3.2,GO:0043067,regulation of programmed cell death,M1,1,0
1,-3.6,R-DME-204998,"Cell death signalling via NRAGE, NRIF and NADE",M1,1,0
1,-5.5,GO:0071695,anatomical structure maturation,M1,1,0
1,-6.9,GO:0007417,central nervous system development,M1,1,0
1,-2.7,GO:0031345,negative regulation of cell projection organization,M1,1,0
1,-8,GO:0001752,compound eye photoreceptor fate commitment,M1,1,0
1,-3.1,GO:0045926,negative regulation of growth,M1,1,0
1,-2.9,GO:0045465,R8 cell differentiation,M1,1,0
1,-8.1,GO:0051049,regulation of transport,M1,1,0
1,-3.3,GO:0040040,thermosensory behavior,M1,1,0
1,-2.9,GO:0060562,epithelial tube morphogenesis,M1,1,0
1,-3.4,GO:0050891,multicellular organismal-level water homeostasis,M1,1,0
1,-17,GO:0030182,neuron differentiation,M1,1,0
1,-2,GO:0045464,R8 cell fate specification,M1,1,0
1,-2.6,GO:2000027,regulation of animal organ morphogenesis,M1,1,0
1,-2.2,GO:0007525,somatic muscle development,M1,1,0
1,-9,GO:0034329,cell junction assembly,M1,1,0
1,-5.3,GO:0090132,epithelium migration,M1,1,0
1,-2.8,GO:0060211,regulation of nuclear-transcribed mRNA poly(A) tail shortening,M1,1,0
1,-8.4,GO:0023056,positive regulation of signaling,M1,1,0
1,-2.3,R-DME-112315,Transmission across Chemical Synapses,M1,1,0
1,-4.3,GO:0072001,renal system development,M1,1,0
1,-2,GO:1903311,regulation of mRNA metabolic process,M1,1,0
1,-3.9,GO:0050848,regulation of calcium-mediated signaling,M1,1,0
1,-2.7,GO:0051965,positive regulation of synapse assembly,M1,1,0
1,-4.7,R-DME-392517,Rap1 signalling,M1,1,0
1,-4.9,GO:0007350,blastoderm segmentation,M1,1,0
1,-3.6,R-DME-936837,Ion transport by P-type ATPases,M1,1,0
1,-3,GO:0045596,negative regulation of cell differentiation,M1,1,0
1,-18,GO:0048699,generation of neurons,M1,1,0
1,-4.9,GO:0008049,male courtship behavior,M1,1,0
1,-3.2,GO:0030100,regulation of endocytosis,M1,1,0
1,-4.3,GO:0051960,regulation of nervous system development,M1,1,0
1,-3.2,GO:0036314,response to sterol,M1,1,0
1,-3.3,GO:0051056,regulation of small GTPase mediated signal transduction,M1,1,0
1,-13,GO:0034330,cell junction organization,M1,1,0
1,-3.2,GO:0001738,morphogenesis of a polarized epithelium,M1,1,0
1,-5.1,GO:0071363,cellular response to growth factor stimulus,M1,1,0
1,-5.2,GO:0009968,negative regulation of signal transduction,M1,1,0
1,-7.7,R-DME-388396,GPCR downstream signalling,M1,1,0
1,-3,GO:0022416,chaeta development,M1,1,0
1,-3.4,GO:0014070,response to organic cyclic compound,M1,1,0
1,-8.4,GO:0035114,imaginal disc-derived appendage morphogenesis,M1,1,0
1,-5.1,GO:0048675,axon extension,M1,1,0
1,-5.7,GO:0007626,locomotory behavior,M1,1,0
1,-2.8,R-DME-1266738,Developmental Biology,M1,1,0
1,-2.2,GO:0045793,positive regulation of cell size,M1,1,0
1,-2.3,GO:0009950,dorsal/ventral axis specification,M1,1,0
1,-8,GO:0071495,cellular response to endogenous stimulus,M1,1,0
1,-6,GO:0090130,tissue migration,M1,1,0
1,-2.2,GO:0008037,cell recognition,M1,1,0
1,-3,GO:0030509,BMP signaling pathway,M1,1,0
1,-3.3,GO:0051726,regulation of cell cycle,M1,1,0
1,-2.5,GO:0043297,apical junction assembly,M1,1,0
1,-5.4,GO:1901700,response to oxygen-containing compound,M1,1,0
1,-2.1,GO:0007380,"specification of segmental identity, head",M1,1,0
1,-7.2,GO:0001654,eye development,M1,1,0
1,-8.2,GO:0035120,post-embryonic appendage morphogenesis,M1,1,0
1,-7.6,GO:0141124,intracellular signaling cassette,M1,1,0
1,-3.3,GO:0045807,positive regulation of endocytosis,M1,1,0
1,-2.8,GO:0032970,regulation of actin filament-based process,M1,1,0
1,-8,GO:0016310,phosphorylation,M1,1,0
1,-6.7,GO:0048511,rhythmic process,M1,1,0
1,-10,GO:0048729,tissue morphogenesis,M1,1,0
1,-5.9,GO:0021700,developmental maturation,M1,1,0
1,-2.9,GO:0045887,positive regulation of synaptic assembly at neuromuscular junction,M1,1,0
1,-2.2,GO:0046823,negative regulation of nucleocytoplasmic transport,M1,1,0
1,-3.6,R-DME-8980692,RHOA GTPase cycle,M1,1,0
1,-2,GO:0031333,negative regulation of protein-containing complex assembly,M1,1,0
1,-9,GO:0048858,cell projection morphogenesis,M1,1,0
1,-9.3,GO:0050808,synapse organization,M1,1,0
1,-2.9,GO:0051146,striated muscle cell differentiation,M1,1,0
1,-2.6,R-DME-109582,Hemostasis,M1,1,0
1,-2.6,GO:0002682,regulation of immune system process,M1,1,0
1,-4.2,GO:0016358,dendrite development,M1,1,0
1,-7.3,GO:0045935,positive regulation of nucleobase-containing compound metabolic process,M1,1,0
1,-3.2,GO:0090263,positive regulation of canonical Wnt signaling pathway,M1,1,0
1,-5.4,GO:0009792,embryo development ending in birth or egg hatching,M1,1,0
1,-4.1,GO:0045595,regulation of cell differentiation,M1,1,0
1,-2,GO:0009755,hormone-mediated signaling pathway,M1,1,0
1,-7.1,GO:0030855,epithelial cell differentiation,M1,1,0
1,-7.4,GO:0009719,response to endogenous stimulus,M1,1,0
1,-3,GO:0030177,positive regulation of Wnt signaling pathway,M1,1,0
1,-2.5,GO:1903351,cellular response to dopamine,M1,1,0
1,-6.5,GO:0048646,anatomical structure formation involved in morphogenesis,M1,1,0
1,-3.7,GO:0007043,cell-cell junction assembly,M1,1,0
1,-2.3,GO:0008285,negative regulation of cell population proliferation,M1,1,0
1,-3.1,GO:0031099,regeneration,M1,1,0
1,-6.4,GO:0003002,regionalization,M1,1,0
1,-2.8,GO:0048599,oocyte development,M1,1,0
1,-3.1,GO:0042692,muscle cell differentiation,M1,1,0
1,-2.4,GO:0042551,neuron maturation,M1,1,0
1,-7.8,GO:1902680,positive regulation of RNA biosynthetic process,M1,1,0
1,-2.3,GO:0035332,positive regulation of hippo signaling,M1,1,0
1,-2.4,R-DME-416700,Other semaphorin interactions,M1,1,0
1,-7.2,GO:0090596,sensory organ morphogenesis,M1,1,0
1,-2.9,R-DME-9013148,CDC42 GTPase cycle,M1,1,0
1,-4.4,GO:0007369,gastrulation,M1,1,0
1,-15,GO:0007444,imaginal disc development,M1,1,0
1,-5.2,GO:0051093,negative regulation of developmental process,M1,1,0
1,-3.2,GO:0035075,response to ecdysone,M1,1,0
1,-6.6,GO:0010648,negative regulation of cell communication,M1,1,0
1,-2.1,GO:0043052,thermotaxis,M1,1,0
1,-2,GO:1902903,regulation of supramolecular fiber organization,M1,1,0
1,-9,GO:0009891,positive regulation of biosynthetic process,M1,1,0
1,-8.1,GO:0051254,positive regulation of RNA metabolic process,M1,1,0
1,-5.6,GO:0098916,anterograde trans-synaptic signaling,M1,1,0
1,-2.2,GO:0048608,reproductive structure development,M1,1,0
1,-3.7,GO:0007498,mesoderm development,M1,1,0
1,-2.3,GO:0009416,response to light stimulus,M1,1,0
1,-2.9,GO:0034220,monoatomic ion transmembrane transport,M1,1,0
1,-3.5,GO:0007309,oocyte axis specification,M1,1,0
1,-12,GO:0007610,behavior,M1,1,0
1,-2,GO:0035277,"spiracle morphogenesis, open tracheal system",M1,1,0
1,-6.5,GO:0030036,actin cytoskeleton organization,M1,1,0
1,-2.1,GO:0061333,renal tubule morphogenesis,M1,1,0
1,-5,GO:0007615,anesthesia-resistant memory,M1,1,0
1,-2.4,GO:0071880,adenylate cyclase-activating adrenergic receptor signaling pathway,M1,1,0
1,-7,GO:0016331,morphogenesis of embryonic epithelium,M1,1,0
1,-3.3,GO:0030178,negative regulation of Wnt signaling pathway,M1,1,0
1,-2.4,R-DME-8853659,RET signaling,M1,1,0
1,-5.1,GO:1901888,regulation of cell junction assembly,M1,1,0
1,-2,GO:0019722,calcium-mediated signaling,M1,1,0
1,-2.9,GO:0051248,negative regulation of protein metabolic process,M1,1,0
1,-7,GO:0001745,compound eye morphogenesis,M1,1,0
1,-2.4,GO:0007600,sensory perception,M1,1,0
1,-5.4,GO:0007167,enzyme-linked receptor protein signaling pathway,M1,1,0
1,-3.3,GO:0060541,respiratory system development,M1,1,0
1,-9.4,GO:0000902,cell morphogenesis,M1,1,0
1,-4.9,GO:0009880,embryonic pattern specification,M1,1,0
1,-2.8,GO:0046661,male sex differentiation,M1,1,0
1,-3.9,GO:0006376,mRNA splice site recognition,M1,1,0
1,-2.1,R-DME-9024446,NR1H2 and NR1H3-mediated signaling,M1,1,0
1,-2.8,GO:0022603,regulation of anatomical structure morphogenesis,M1,1,0
1,-2.6,R-DME-2730905,Role of LAT2/NTAL/LAB on calcium mobilization,M1,1,0
1,-9,GO:0048870,cell motility,M1,1,0
1,-2.1,GO:0030951,establishment or maintenance of microtubule cytoskeleton polarity,M1,1,0
1,-6.4,GO:0048749,compound eye development,M1,1,0
1,-5.5,GO:0019933,cAMP-mediated signaling,M1,1,0
1,-5.1,GO:1902533,positive regulation of intracellular signal transduction,M1,1,0
1,-2.1,GO:0007474,imaginal disc-derived wing vein specification,M1,1,0
1,-2.4,GO:0048056,R3/R4 cell differentiation,M1,1,0
1,-2.4,GO:0035330,regulation of hippo signaling,M1,1,0
1,-4.2,GO:0051051,negative regulation of transport,M1,1,0
1,-12,GO:0007560,imaginal disc morphogenesis,M1,1,0
1,-7.2,GO:0048592,eye morphogenesis,M1,1,0
1,-6.1,GO:0048512,circadian behavior,M1,1,0
1,-8.3,GO:0035107,appendage morphogenesis,M1,1,0
1,-2.3,GO:0030534,adult behavior,M1,1,0
1,-3,GO:0007464,R3/R4 cell fate commitment,M1,1,0
1,-3.4,GO:0042745,circadian sleep/wake cycle,M1,1,0
1,-2.9,GO:0001703,gastrulation with mouth forming first,M1,1,0
1,-9,GO:0046530,photoreceptor cell differentiation,M1,1,0
1,-6.2,GO:0001667,ameboidal-type cell migration,M1,1,0
1,-9.1,GO:0120039,plasma membrane bounded cell projection morphogenesis,M1,1,0
1,-2.1,GO:0072499,photoreceptor cell axon guidance,M1,1,0
1,-6.4,GO:0030707,follicle cell of egg chamber development,M1,1,0
1,-2.6,GO:0007274,neuromuscular synaptic transmission,M1,1,0
1,-11,GO:0009886,post-embryonic animal morphogenesis,M1,1,0
1,-8.9,GO:0009967,positive regulation of signal transduction,M1,1,0
1,-2.4,GO:0016241,regulation of macroautophagy,M1,1,0
1,-8.1,GO:0051128,regulation of cellular component organization,M1,1,0
1,-4.5,GO:2000026,regulation of multicellular organismal development,M1,1,0
1,-3.5,GO:2000145,regulation of cell motility,M1,1,0
1,-4.6,GO:0008361,regulation of cell size,M1,1,0
1,-2.1,GO:0090175,regulation of establishment of planar polarity,M1,1,0
1,-6.8,GO:0007623,circadian rhythm,M1,1,0
1,-4.8,GO:0007447,imaginal disc pattern formation,M1,1,0
1,-2.8,GO:0051050,positive regulation of transport,M1,1,0
1,-3.6,GO:0009948,anterior/posterior axis specification,M1,1,0
1,-2.3,GO:0032272,negative regulation of protein polymerization,M1,1,0
1,-2.6,GO:0031102,neuron projection regeneration,M1,1,0
1,-3,GO:0030335,positive regulation of cell migration,M1,1,0
1,-3,GO:0035167,larval lymph gland hemopoiesis,M1,1,0
1,-2.1,GO:0030239,myofibril assembly,M1,1,0
1,-2,GO:0007435,salivary gland morphogenesis,M1,1,0
1,-3.7,GO:0050804,modulation of chemical synaptic transmission,M1,1,0
1,-4.2,GO:0017148,negative regulation of translation,M1,1,0
1,-3.5,GO:0048565,digestive tract development,M1,1,0
1,-3,GO:0071772,response to BMP,M1,1,0
1,-7.9,GO:0048871,multicellular organismal-level homeostasis,M1,1,0
1,-3.4,R-DME-9623433,NR1H2 & NR1H3 regulate gene expression to control bile acid homeostasis,M1,1,0
1,-2.1,GO:0045787,positive regulation of cell cycle,M1,1,0
1,-6.5,GO:0016049,cell growth,M1,1,0
1,-6.2,GO:0023057,negative regulation of signaling,M1,1,0
1,-7.2,GO:0035556,intracellular signal transduction,M1,1,0
1,-4.4,GO:0042752,regulation of circadian rhythm,M1,1,0
1,-8.4,GO:0001751,compound eye photoreceptor cell differentiation,M1,1,0
1,-5.8,GO:0007617,mating behavior,M1,1,0
1,-2.5,GO:0007379,segment specification,M1,1,0
1,-4.1,GO:0048534,hematopoietic or lymphoid organ development,M1,1,0
1,-2.4,R-DME-3769402,Deactivation of the beta-catenin transactivating complex,M1,1,0
1,-13,GO:0009790,embryo development,M1,1,0
1,-3.2,GO:0001708,cell fate specification,M1,1,0
1,-2.4,GO:0060284,regulation of cell development,M1,1,0
1,-3.8,GO:0008355,olfactory learning,M1,1,0
1,-2.1,GO:1903804,glycine import across plasma membrane,M1,1,0
1,-2.3,GO:0032989,cellular anatomical entity morphogenesis,M1,1,0
1,-2,R-DME-163685,Integration of energy metabolism,M1,1,0
1,-8.5,GO:0032879,regulation of localization,M1,1,0
1,-9.8,GO:0048667,cell morphogenesis involved in neuron differentiation,M1,1,0
1,-2.3,GO:0007616,long-term memory,M1,1,0
1,-2.2,GO:0034333,adherens junction assembly,M1,1,0
1,-2,GO:0048665,neuron fate specification,M1,1,0
1,-3.4,GO:1900180,regulation of protein localization to nucleus,M1,1,0
1,-3.6,GO:0016545,"male courtship behavior, veined wing vibration",M1,1,0
1,-2.5,GO:0071867,response to monoamine,M1,1,0
1,-2,GO:0035168,larval lymph gland hemocyte differentiation,M1,1,0
1,-2.5,GO:0035218,leg disc development,M1,1,0
1,-6.3,GO:0060322,head development,M1,1,0
1,-2.9,GO:0044089,positive regulation of cellular component biogenesis,M1,1,0
1,-2.7,GO:0000578,embryonic axis specification,M1,1,0
1,-2.2,GO:0009582,detection of abiotic stimulus,M1,1,0
1,-2.2,GO:0061458,reproductive system development,M1,1,0
1,-2.2,GO:0010634,positive regulation of epithelial cell migration,M1,1,0
1,-5.2,GO:0045475,locomotor rhythm,M1,1,0
1,-2.2,GO:0042387,plasmatocyte differentiation,M1,1,0
1,-3.6,GO:0007424,open tracheal system development,M1,1,0
1,-2.1,GO:0007443,Malpighian tubule morphogenesis,M1,1,0
1,-3.1,GO:0051046,regulation of secretion,M1,1,0
1,-18,GO:0009887,animal organ morphogenesis,M1,1,0
1,-2.5,GO:0045571,negative regulation of imaginal disc growth,M1,1,0
1,-11,GO:0050793,regulation of developmental process,M1,1,0
1,-9.3,GO:0048598,embryonic morphogenesis,M1,1,0
1,-2.4,GO:0046626,regulation of insulin receptor signaling pathway,M1,1,0
1,-2.7,GO:0007548,sex differentiation,M1,1,0
1,-2.2,GO:0002376,immune system process,M1,1,0
1,-6.7,GO:0007292,female gamete generation,M1,1,0
1,-5.7,GO:0050890,cognition,M1,1,0
1,-6.2,GO:0042461,photoreceptor cell development,M1,1,0
1,-2.6,GO:0048878,chemical homeostasis,M1,1,0
1,-5.1,GO:0048469,cell maturation,M1,1,0
1,-2.3,R-DME-76009,Platelet Aggregation (Plug Formation),M1,1,0
1,-3,GO:0035166,post-embryonic hemopoiesis,M1,1,0
1,-3.5,GO:0055123,digestive system development,M1,1,0
1,-3,GO:0032386,regulation of intracellular transport,M1,1,0
1,-10,GO:0035220,wing disc development,M1,1,0
1,-5.5,GO:0007297,follicle cell of egg chamber migration,M1,1,0
1,-2.1,GO:0048100,wing disc anterior/posterior pattern formation,M1,1,0
1,-4.2,GO:0060627,regulation of vesicle-mediated transport,M1,1,0
1,-2.5,GO:0071868,cellular response to monoamine stimulus,M1,1,0
1,-4,GO:0120035,regulation of plasma membrane bounded cell projection organization,M1,1,0
1,-8.6,GO:0040007,growth,M1,1,0
1,-2.6,GO:0035169,lymph gland plasmatocyte differentiation,M1,1,0
1,-2.4,R-DME-397795,G-protein beta:gamma signalling,M1,1,0
1,-7.3,GO:0046552,photoreceptor cell fate commitment,M1,1,0
1,-8.5,GO:0048736,appendage development,M1,1,0
1,-5.5,GO:0045216,cell-cell junction organization,M1,1,0
1,-4.2,GO:0007298,border follicle cell migration,M1,1,0
1,-14,GO:0007552,metamorphosis,M1,1,0
1,-2.1,GO:0035148,tube formation,M1,1,0
1,-2.8,GO:0048639,positive regulation of developmental growth,M1,1,0
1,-2.7,GO:0001704,formation of primary germ layer,M1,1,0
1,-2.6,GO:0001736,establishment of planar polarity,M1,1,0
1,-2.4,GO:0007523,larval visceral muscle development,M1,1,0
1,-8.6,GO:0048589,developmental growth,M1,1,0
1,-4.6,GO:0035222,wing disc pattern formation,M1,1,0
1,-3.4,GO:0071774,response to fibroblast growth factor,M1,1,0
1,-2.5,GO:0007186,G protein-coupled receptor signaling pathway,M1,1,0
1,-3.5,GO:0051124,synaptic assembly at neuromuscular junction,M1,1,0
1,-3,GO:0071773,cellular response to BMP stimulus,M1,1,0
1,-8.4,GO:0010647,positive regulation of cell communication,M1,1,0
1,-5,GO:0072359,circulatory system development,M1,1,0
1,-2.9,GO:0032956,regulation of actin cytoskeleton organization,M1,1,0
1,-3,GO:0007169,cell surface receptor protein tyrosine kinase signaling pathway,M1,1,0
1,-4.7,GO:0007267,cell-cell signaling,M1,1,0
1,-2.2,GO:0099111,microtubule-based transport,M1,1,0
1,-2.1,GO:1901698,response to nitrogen compound,M1,1,0
1,-9.2,GO:0010557,positive regulation of macromolecule biosynthetic process,M1,1,0
1,-4,GO:0042051,compound eye photoreceptor development,M1,1,0
1,-3,GO:0070887,cellular response to chemical stimulus,M1,1,0
1,-6.4,GO:0002064,epithelial cell development,M1,1,0
1,-2.6,GO:2000648,positive regulation of stem cell proliferation,M1,1,0
1,-2.6,GO:0009994,oocyte differentiation,M1,1,0
1,-2.7,GO:0045433,"male courtship behavior, veined wing generated song production",M1,1,0
1,-3.7,GO:0051129,negative regulation of cellular component organization,M1,1,0
1,-2.1,GO:0007377,germ-band extension,M1,1,0
1,-8.1,GO:0045944,positive regulation of transcription by RNA polymerase II,M1,1,0
1,-4.9,GO:0051130,positive regulation of cellular component organization,M1,1,0
1,-3.2,GO:0035088,establishment or maintenance of apical/basal cell polarity,M1,1,0
1,-3.9,GO:0048813,dendrite morphogenesis,M1,1,0
1,-5.9,GO:0099537,trans-synaptic signaling,M1,1,0
1,-8,R-DME-372790,Signaling by GPCR,M1,1,0
1,-3.1,GO:1990709,presynaptic active zone organization,M1,1,0
1,-4.7,GO:0051963,regulation of synapse assembly,M1,1,0
1,-2.2,GO:0110053,regulation of actin filament organization,M1,1,0
1,-3.6,GO:0048065,"male courtship behavior, veined wing extension",M1,1,0
1,-2.9,GO:0034332,adherens junction organization,M1,1,0
1,-2,GO:0008078,mesodermal cell migration,M1,1,0
1,-5.3,GO:1904396,regulation of neuromuscular junction development,M1,1,0
1,-2.4,R-DME-2428924,IGF1R signaling cascade,M1,1,0
1,-7.4,GO:0030030,cell projection organization,M1,1,0
1,-5,GO:0007507,heart development,M1,1,0
1,-4.2,GO:0061326,renal tubule development,M1,1,0
1,-4.5,GO:0035282,segmentation,M1,1,0
1,-2.5,GO:1903350,response to dopamine,M1,1,0
1,-9.2,GO:0048812,neuron projection morphogenesis,M1,1,0
1,-2.3,GO:0007478,leg disc morphogenesis,M1,1,0
1,-5.3,GO:0048585,negative regulation of response to stimulus,M1,1,0
1,-5.5,GO:0019098,reproductive behavior,M1,1,0
1,-3.4,GO:0050850,positive regulation of calcium-mediated signaling,M1,1,0
1,-2.1,GO:0001558,regulation of cell growth,M1,1,0
1,-2.8,GO:0042391,regulation of membrane potential,M1,1,0
1,-4.6,GO:0007010,cytoskeleton organization,M1,1,0
1,-4.2,GO:0009953,dorsal/ventral pattern formation,M1,1,0
1,-3.9,GO:0007448,"anterior/posterior pattern specification, imaginal disc",M1,1,0
1,-3.4,GO:0072091,regulation of stem cell proliferation,M1,1,0
1,-6.5,GO:0035295,tube development,M1,1,0
1,-5.3,GO:0010631,epithelial cell migration,M1,1,0
1,-7.3,GO:0120036,plasma membrane bounded cell projection organization,M1,1,0
1,-2.4,GO:0007265,Ras protein signal transduction,M1,1,0
1,-2.2,R-DME-9675108,Nervous system development,M1,1,0
1,-2.6,GO:0055002,striated muscle cell development,M1,1,0
1,-3.4,GO:0008543,fibroblast growth factor receptor signaling pathway,M1,1,0
1,-3.5,GO:1904398,positive regulation of neuromuscular junction development,M1,1,0
1,-2.2,GO:0007602,phototransduction,M1,1,0
1,-2.1,R-DME-416476,G alpha (q) signalling events,M1,1,0
1,-7.3,GO:0044087,regulation of cellular component biogenesis,M1,1,0
1,-2.8,GO:0043491,phosphatidylinositol 3-kinase/protein kinase B signal transduction,M1,1,0
1,-2.1,R-DME-9029569,NR1H3 & NR1H2 regulate gene expression linked to cholesterol transport and efflux,M1,1,0
1,-2.5,GO:0007591,"molting cycle, chitin-based cuticle",M1,1,0
1,-7.4,GO:0006468,protein phosphorylation,M1,1,0
1,-4.1,R-DME-9012999,RHO GTPase cycle,M1,1,0
1,-3.9,GO:0040012,regulation of locomotion,M1,1,0
1,-2.1,GO:0051961,negative regulation of nervous system development,M1,1,0
1,-2.7,GO:0048520,positive regulation of behavior,M1,1,0
1,-7.2,GO:0048880,sensory system development,M1,1,0
1,-2.5,GO:0045664,regulation of neuron differentiation,M1,1,0
1,-6.8,GO:0007622,rhythmic behavior,M1,1,0
1,-2.1,GO:0035170,lymph gland crystal cell differentiation,M1,1,0
1,-7.1,GO:0051253,negative regulation of RNA metabolic process,M1,1,0
1,-3.1,GO:0060341,regulation of cellular localization,M1,1,0
1,-8.9,GO:1902531,regulation of intracellular signal transduction,M1,1,0
1,-2.5,GO:0043408,regulation of MAPK cascade,M1,1,0
1,-6.9,GO:0007389,pattern specification process,M1,1,0
1,-4.6,GO:0046620,regulation of organ growth,M1,1,0
1,-2.2,GO:0042330,taxis,M1,1,0
1,-5.5,GO:0097485,neuron projection guidance,M1,1,0
1,-5.7,GO:0007411,axon guidance,M1,1,0
1,-2.9,WP97,Wnt signaling pathway,M1,1,0
1,-2.2,GO:1903530,regulation of secretion by cell,M1,1,0
1,-2.4,GO:0097035,regulation of membrane lipid distribution,M1,1,0
1,-3.1,GO:0009725,response to hormone,M1,1,0
1,-3.5,GO:0045927,positive regulation of growth,M1,1,0
1,-2.3,GO:0008284,positive regulation of cell population proliferation,M1,1,0
1,-7.6,GO:0090066,regulation of anatomical structure size,M1,1,0
1,-14,GO:0048666,neuron development,M1,1,0
1,-2.3,GO:0006813,potassium ion transport,M1,1,0
1,-2.2,GO:0009581,detection of external stimulus,M1,1,0
1,-3,GO:0002168,instar larval development,M1,1,0
1,-6.1,GO:0042127,regulation of cell population proliferation,M1,1,0
1,-2.5,GO:0030097,hemopoiesis,M1,1,0
1,-4,GO:0050795,regulation of behavior,M1,1,0
1,-2.4,GO:0033993,response to lipid,M1,1,0
1,-3.4,GO:0045187,"regulation of circadian sleep/wake cycle, sleep",M1,1,0
1,-2.5,R-DME-2428928,IRS-related events triggered by IGF1R,M1,1,0
1,-14,GO:0060429,epithelium development,M1,1,0
1,-8,GO:0042706,eye photoreceptor cell fate commitment,M1,1,0
1,-6.5,GO:0045892,negative regulation of DNA-templated transcription,M1,1,0
1,-3.8,GO:0040011,locomotion,M1,1,0
1,-3.6,R-DME-193648,NRAGE signals death through JNK,M1,1,0
1,-6.1,GO:0002164,larval development,M1,1,0
1,-5.8,GO:0009952,anterior/posterior pattern specification,M1,1,0
1,-5.5,GO:0060560,developmental growth involved in morphogenesis,M1,1,0
1,-3.7,R-DME-112316,Neuronal System,M1,1,0
1,-2.5,R-DME-112399,IRS-mediated signalling,M1,1,0
1,-2.5,GO:0034204,lipid translocation,M1,1,0
1,-3.1,R-DME-212676,Dopamine Neurotransmitter Release Cycle,M1,1,0
1,-5,GO:0008582,regulation of synaptic assembly at neuromuscular junction,M1,1,0
1,-2.6,GO:0008354,germ cell migration,M1,1,0
1,-3.4,GO:0006417,regulation of translation,M1,1,0
1,-13,GO:0051239,regulation of multicellular organismal process,M1,1,0
1,-3.8,GO:0008306,associative learning,M1,1,0
1,-2.4,R-DME-186763,Downstream signal transduction,M1,1,0
1,-3.7,GO:0099177,regulation of trans-synaptic signaling,M1,1,0
1,-2.4,R-DME-200425,Carnitine shuttle,M1,1,0
1,-2.7,GO:0090090,negative regulation of canonical Wnt signaling pathway,M1,1,0
1,-2,GO:0046328,regulation of JNK cascade,M1,1,0
1,-2.4,R-DME-2404192,Signaling by Type 1 Insulin-like Growth Factor 1 Receptor (IGF1R),M1,1,0
1,-8.1,GO:0050877,nervous system process,M1,1,0
1,-2.7,R-DME-109704,PI3K Cascade,M1,1,0
1,-5.9,GO:0048477,oogenesis,M1,1,0
1,-2.2,GO:0042688,crystal cell differentiation,M1,1,0
1,-2.8,GO:0060213,positive regulation of nuclear-transcribed mRNA poly(A) tail shortening,M1,1,0
1,-3.6,GO:0030334,regulation of cell migration,M1,1,0
1,-2.3,GO:0010927,cellular component assembly involved in morphogenesis,M1,1,0
1,-2.5,GO:0042303,molting cycle,M1,1,0
1,-2.5,GO:0007517,muscle organ development,M1,1,0
1,-2.4,R-DME-450520,HuR (ELAVL1) binds and stabilizes mRNA,M1,1,0
1,-4.2,GO:0042749,regulation of circadian sleep/wake cycle,M1,1,0
1,-4.6,GO:0048732,gland development,M1,1,0
1,-3.3,GO:0046928,regulation of neurotransmitter secretion,M1,1,0
1,-2.2,GO:0007484,imaginal disc-derived genitalia development,M1,1,0
1,-7.8,GO:0061564,axon development,M1,1,0
1,-2.1,R-DME-76002,"Platelet activation, signaling and aggregation",M1,1,0
1,-2.4,R-DME-110526,Insulin receptor mediated signaling,M1,1,0
1,-2.8,GO:0140962,multicellular organismal-level chemical homeostasis,M1,1,0
1,-2.9,GO:2000147,positive regulation of cell motility,M1,1,0
1,-2.1,GO:1903684,regulation of border follicle cell migration,M1,1,0
1,-3.1,GO:0048104,establishment of body hair or bristle planar orientation,M1,1,0
1,-2.3,GO:0060259,regulation of feeding behavior,M1,1,0
1,-3,GO:1901654,response to ketone,M1,1,0
1,-8.1,GO:0048638,regulation of developmental growth,M1,1,0
1,-5.7,GO:0001700,embryonic development via the syncytial blastoderm,M1,1,0
1,-2.4,GO:0009314,response to radiation,M1,1,0
1,-2.3,GO:0010608,post-transcriptional regulation of gene expression,M1,1,0
1,-4.1,GO:0042048,olfactory behavior,M1,1,0
1,-2.4,GO:0071875,adrenergic receptor signaling pathway,M1,1,0
1,-3.4,GO:0000245,spliceosomal complex assembly,M1,1,0
1,-2.2,GO:0002683,negative regulation of immune system process,M1,1,0
1,-2.9,GO:0010004,gastrulation involving germ band extension,M1,1,0
1,-2.5,GO:0007264,small GTPase-mediated signal transduction,M1,1,0
1,-2.1,GO:0098660,inorganic ion transmembrane transport,M1,1,0
1,-2.8,GO:0051493,regulation of cytoskeleton organization,M1,1,0
1,-2.5,R-DME-5683057,MAPK family signaling cascades,M1,1,0
1,-2.8,GO:0035074,pupation,M1,1,0
1,-6.6,GO:0048588,developmental cell growth,M1,1,0
1,-2.9,GO:0046621,negative regulation of organ growth,M1,1,0
1,-2.1,GO:0035206,regulation of hemocyte proliferation,M1,1,0
1,-2.3,GO:0051962,positive regulation of nervous system development,M1,1,0
1,-7.9,GO:0007472,wing disc morphogenesis,M1,1,0
1,-4.9,R-DME-383280,Nuclear Receptor transcription pathway,M1,1,0
1,-2.2,GO:0048678,response to axon injury,M1,1,0
1,-4.9,GO:0030111,regulation of Wnt signaling pathway,M1,1,0
1,-2.3,GO:0008595,"anterior/posterior axis specification, embryo",M1,1,0
1,-2.5,GO:0071870,cellular response to catecholamine stimulus,M1,1,0
1,-4.9,GO:0007612,learning,M1,1,0
1,-2.4,GO:0045705,negative regulation of salivary gland boundary specification,M1,1,0
1,-9.5,GO:0002009,morphogenesis of an epithelium,M1,1,0
1,-9.2,GO:0003008,system process,M1,1,0
1,-2.5,GO:0071869,response to catecholamine,M1,1,0
1,-7.3,GO:0045934,negative regulation of nucleobase-containing compound metabolic process,M1,1,0
1,-5.4,GO:0051240,positive regulation of multicellular organismal process,M1,1,0
1,-2.8,GO:0007450,"dorsal/ventral pattern formation, imaginal disc",M1,1,0
1,-4.2,GO:0097305,response to alcohol,M1,1,0
1,-3.2,GO:0042306,regulation of protein import into nucleus,M1,1,0
1,-3.1,GO:0001707,mesoderm formation,M1,1,0
1,-2.2,R-DME-422475,Axon guidance,M1,1,0
1,-5.2,GO:0016319,mushroom body development,M1,1,0
1,-4.1,GO:0002520,immune system development,M1,1,0
1,-5.1,GO:0008045,motor neuron axon guidance,M1,1,0
1,-5,GO:0007166,cell surface receptor signaling pathway,M1,1,0
1,-2.5,dme04711,Circadian rhythm - fly - Drosophila melanogaster (fruit fly),M1,1,0
1,-2.3,GO:0008038,neuron recognition,M1,1,0
1,-2.2,GO:0030001,metal ion transport,M1,1,0
1,-4.8,GO:0060828,regulation of canonical Wnt signaling pathway,M1,1,0
1,-7.1,GO:0048663,neuron fate commitment,M1,1,0
1,-3,GO:0048190,wing disc dorsal/ventral pattern formation,M1,1,0
1,-2.2,R-DME-181430,Norepinephrine Neurotransmitter Release Cycle,M1,1,0
1,-2.4,GO:0048036,central complex development,M1,1,0
1,-2.6,R-DME-5252538,Drosophila signaling pathways,M1,1,0
1,-4.9,GO:1990138,neuron projection extension,M1,1,0
1,-4.4,GO:0007635,chemosensory behavior,M1,1,0
1,-2.9,GO:0042981,regulation of apoptotic process,M1,1,0
1,-3.2,R-DME-4090294,SUMOylation of intracellular receptors,M1,1,0
1,-2.3,GO:0043410,positive regulation of MAPK cascade,M1,1,0
1,-3.8,GO:0031344,regulation of cell projection organization,M1,1,0
1,-2.1,R-DME-9706574,RHOBTB GTPase Cycle,M1,1,0
1,-6.4,GO:0032535,regulation of cellular component size,M1,1,0
1,-2.3,GO:0010876,lipid localization,M1,1,0
1,-3.5,R-DME-9716542,"Signaling by Rho GTPases, Miro GTPases and RHOBTB3",M1,1,0
1,-2.1,GO:0097435,supramolecular fiber organization,M1,1,0
1,-3.2,GO:0035239,tube morphogenesis,M1,1,0
1,-3.3,R-DME-375280,Amine ligand-binding receptors,M1,1,0
1,-2.4,GO:0045597,positive regulation of cell differentiation,M1,1,0
1,-3.2,GO:0006796,phosphate-containing compound metabolic process,M1,1,0
1,-2.3,GO:0048167,regulation of synaptic plasticity,M1,1,0
1,-2.7,GO:0046822,regulation of nucleocytoplasmic transport,M1,1,0
1,-2.6,R-DME-5218921,VEGFR2 mediated cell proliferation,M1,1,0
1,-2.4,GO:0045466,R7 cell differentiation,M1,1,0
1,-3.4,GO:0061061,muscle structure development,M1,1,0
1,-2.5,R-DME-354192,Integrin signaling,M1,1,0
1,-2.5,GO:1900076,regulation of cellular response to insulin stimulus,M1,1,0
1,-3.7,GO:0060249,anatomical structure homeostasis,M1,1,0
1,-7.8,GO:0045893,positive regulation of DNA-templated transcription,M1,1,0
1,-2.7,dme04013,MAPK signaling pathway - fly - Drosophila melanogaster (fruit fly),M1,1,0
1,-3.3,GO:0051588,regulation of neurotransmitter transport,M1,1,0
1,-2.9,GO:0044057,regulation of system process,M1,1,0
1,-8.6,GO:0048737,imaginal disc-derived appendage development,M1,1,0
1,-3.1,GO:0030728,ovulation,M1,1,0
1,-4.7,GO:0007391,dorsal closure,M1,1,0
1,-9,GO:0007423,sensory organ development,M1,1,0
1,-6.3,GO:0030029,actin filament-based process,M1,1,0
1,-2.5,GO:0030837,negative regulation of actin filament polymerization,M1,1,0
1,-2.7,GO:0045332,phospholipid translocation,M1,1,0
1,-3.6,GO:0046958,nonassociative learning,M1,1,0
1,-3,GO:0007310,oocyte dorsal/ventral axis specification,M1,1,0
1,-3,GO:0007178,cell surface receptor protein serine/threonine kinase signaling pathway,M1,1,0
1,-2.2,GO:0043069,negative regulation of programmed cell death,M1,1,0
1,-2.4,GO:0045704,regulation of salivary gland boundary specification,M1,1,0
1,-5.6,GO:0007268,chemical synaptic transmission,M1,1,0
1,-3.2,GO:0061245,establishment or maintenance of bipolar cell polarity,M1,1,0
1,-2.7,GO:0045570,regulation of imaginal disc growth,M1,1,0
1,-3,GO:0035215,genital disc development,M1,1,0
1,-2.7,GO:0007528,neuromuscular junction development,M1,1,0
1,-3.4,GO:0044344,cellular response to fibroblast growth factor stimulus,M1,1,0
1,-12,GO:0002165,instar larval or pupal development,M1,1,0
1,-3.5,GO:0010975,regulation of neuron projection development,M1,1,0
1,-4.2,GO:0000122,negative regulation of transcription by RNA polymerase II,M1,1,0
1,-10,GO:0016477,cell migration,M1,1,0
1,-2,GO:0022612,gland morphogenesis,M1,1,0
1,-3.8,GO:0042063,gliogenesis,M1,1,0
1,-2.6,GO:0007164,establishment of tissue polarity,M1,1,0
1,-2.6,GO:0048806,genitalia development,M1,1,0
1,-6.5,GO:0042592,homeostatic process,M1,1,0
1,-5.6,GO:0099536,synaptic signaling,M1,1,0
1,-6.9,GO:0007476,imaginal disc-derived wing morphogenesis,M1,1,0
1,-2.5,GO:0009266,response to temperature stimulus,M1,1,0
1,-3.6,GO:0032870,cellular response to hormone stimulus,M1,1,0
1,-3.2,GO:0007613,memory,M1,1,0
1,-4.1,GO:0048542,lymph gland development,M1,1,0
1,-2.5,GO:0007494,midgut development,M1,1,0
1,-2.2,GO:0006812,monoatomic cation transport,M1,1,0
1,-2.2,R-DME-390146,Hippo/Warts pathway,M1,1,0
1,-2.7,GO:0032880,regulation of protein localization,M1,1,0
1,-2.1,GO:0016081,synaptic vesicle docking,M1,1,0
1,-5.4,GO:0009628,response to abiotic stimulus,M1,1,0
1,-4.4,GO:0060179,male mating behavior,M1,1,0
1,-3.3,GO:0055001,muscle cell development,M1,1,0
1,-2.7,R-DME-193704,p75 NTR receptor-mediated signalling,M1,1,0
1,-2.3,GO:0007351,tripartite regional subdivision,M1,1,0
1,-2.1,GO:0007390,germ-band shortening,M1,1,0
1,-9,GO:0045165,cell fate commitment,M1,1,0
1,-3.2,GO:0045197,establishment or maintenance of epithelial cell apical/basal polarity,M1,1,0
1,-2.2,R-DME-390696,Adrenoceptors,M1,1,0
1,-2.4,GO:0051302,regulation of cell division,M1,1,0
1,-2.5,GO:0007480,imaginal disc-derived leg morphogenesis,M1,1,0
1,-2.1,GO:0043066,negative regulation of apoptotic process,M1,1,0
1,-5.5,GO:0007420,brain development,M1,1,0
1,-2.4,R-DME-112310,Neurotransmitter release cycle,M1,1,0
1,-2.3,R-DME-74751,Insulin receptor signalling cascade,M1,1,0
1,-2.1,GO:0030833,regulation of actin filament polymerization,M1,1,0
1,-4.7,GO:0009798,axis specification,M1,1,0
1,-5.7,GO:0007281,germ cell development,M1,1,0
1,-4.2,GO:0051241,negative regulation of multicellular organismal process,M1,1,0
1,-3,GO:1900077,negative regulation of cellular response to insulin stimulus,M1,1,0
1,-2.6,R-DME-194315,Signaling by Rho GTPases,M1,1,0
1,-7.7,GO:0040008,regulation of growth,M1,1,0
1,-2.2,GO:0048872,homeostasis of number of cells,M1,1,0
1,-5.1,GO:0070848,response to growth factor,M1,1,0
1,-4.3,GO:0007163,establishment or maintenance of cell polarity,M1,1,0
1,-4.2,GO:0072002,Malpighian tubule development,M1,1,0
1,-8.8,GO:0001754,eye photoreceptor cell differentiation,M1,1,0
1,-2.3,GO:0007460,R8 cell fate commitment,M1,1,0
1,-2.8,GO:0098739,import across plasma membrane,M1,1,0
1,-2.6,GO:1901890,positive regulation of cell junction assembly,M1,1,0
1,-16,GO:0009888,tissue development,M1,1,0
1,-3.2,GO:0006793,phosphorus metabolic process,M1,1,0
1,-2.9,GO:0048332,mesoderm morphogenesis,M1,1,0
1,-7.3,GO:0007409,axonogenesis,M1,1,0
1,-2.4,GO:0045938,"positive regulation of circadian sleep/wake cycle, sleep",M1,1,0
1,-2.5,R-DME-9013149,RAC1 GTPase cycle,M1,1,0
1,-8,GO:0048584,positive regulation of response to stimulus,M1,1,0
1,-2.5,R-DME-174824,"Plasma lipoprotein assembly, remodeling, and clearance",M1,1,0
1,-2.3,R-DME-186797,Signaling by PDGF,M1,1,0
1,-13,GO:0009791,post-embryonic development,M1,1,0
1,-2.8,GO:0001894,tissue homeostasis,M1,1,0
1,-6.5,GO:1902679,negative regulation of RNA biosynthetic process,M1,1,0
1,-2.5,GO:1901699,cellular response to nitrogen compound,M1,1,0
1,-5.8,GO:0007611,learning or memory,M1,1,0
1,-2.7,GO:0071407,cellular response to organic cyclic compound,M1,1,0
1,-2.9,GO:0055088,lipid homeostasis,M1,1,0
1,-2.2,GO:0006811,monoatomic ion transport,M1,1,0
1,-2.2,GO:1903688,positive regulation of border follicle cell migration,M1,1,0
1,-3.3,GO:0010628,positive regulation of gene expression,M1,1,0
1,-7.2,GO:0150063,visual system development,M1,1,0
1,-3.3,GO:0141091,transforming growth factor beta receptor superfamily signaling pathway,M1,1,0
1,-3.3,GO:0048640,negative regulation of developmental growth,M1,1,0
1,-4.2,GO:0050807,regulation of synapse organization,M1,1,0
1,-11,GO:0048707,instar larval or pupal morphogenesis,M1,1,0
